X,Y,OBJECTID,NAME,ADDRESS,ORIG_ADDRE,PIN,LANDNO,ORDINANCE,EFF_DATE,SE_ANNO_CAD_DATA,PHOTO,DOCUMENT
1276544.99997556,225523.640613481,2242,Old Fire Station #23,722 18th Ave,722 18th Ave,2254502235,125,106050,1976/12/21 00:00:00+00,,Firestation23cDON.jpg,DesRptFireStation23.pdf
1281980.24993181,228095.953054145,2243,Charles Bussell House (Eman/Jacobsen),1630 36th Ave,1630 36th Ave,7424700070,126,108212,1979/05/14 00:00:00+00,,BussellRes1DON.jpg,charles-brussell-house-designation-nomination.pdf
1270150.62496905,228966.515617475,2244,Old Norway Hall,2015 Boren Ave,2015 Boren Ave,0660001490,80,124375,,,OldNorwayHall1DON.jpg, 
1273677.66679947,204679.367997646,2245,Rainier Cold Storage/Ice/Seattle Brewing/Malting Co. Bldg,5622-6010 Airport Way S,6000-6004 Airport Way S,0001800023,186,116973,1993/12/13 00:00:00+00,,RainierColdStorage6DON.jpg,DesRptRainierColdStorageSeattleBrewing.pdf
1260442.05186656,236232.969916552,2246,Fourteenth Ave W Group,2014 14th Ave W,2000-2016 14th Ave W, ,384,108211,1979/05/14 00:00:00+00,,14thAveWestRes2DON.jpg,DesRpt_14th_Ave_W_Group.pdf  
1288732.87487797,188832.640504807,2247,Old Fire Station #33,10235 62nd Ave S,10235 62nd Ave S,2520900050,192,106053,1976/12/21 00:00:00+00,,Firestation33bDON.jpg,DesRptFireStation33.pdf
1259101.50008573,215392.50011465,2248,Hainsworth/Gordon House,2657 37th Ave SW,2657 37th Ave SW,9345400210,174,109734,1981/03/02 00:00:00+00,,HainsworthHouse1DON.jpg,hainsworth-gordon-house-designation.pdf
1257021.12498139,216157.531064898,2249,Admiral Theater,2343 California Ave SW,2343 California Ave SW,6379500055,173,116972,1993/12/13 00:00:00+00,,Admiral4DON.jpg,admiral-theater-designation.pdf
1256092.62486988,200967.609345064,2250,Gatewood School,4320 SW Myrtle St,4320 SW Myrtle St,4315700020,189,0,,,GatewoodSchool2DON.jpg,gatewood-school-designation.pdf
1276162.37508464,222870.09375523,2251,Langston Hughes Cultural Arts Center,104 17th Ave S,104 17th Ave S,9826700795,159,110354,1981/12/28 00:00:00+00,,LangstonHughesCenter2DON.jpg,langston-hughes-cultural-designation-nomination.pdf
1280572.25012314,218657.390566483,2252,Thompson/LaTurner House,3119 S Day St,3119 S Day St,6909200597,169,107613,1978/08/14 00:00:00+00,,ThompsonHouse2DON.jpg,thompson-laturner-house-designation-nomination.pdf
1276332.75007197,219836.843588144,2253,Black Manufacturing Building,1130 Rainier Ave S,1130 Rainier Ave S,7132300370,166,113601,1987/09/08 00:00:00+00,,BlackMfgBldg5DON.jpg,black-manufacturing-designation.pdf
1275279.37488213,222774.125115141,2254,Victorian House,1414 S Washington St,1414 S Washington St,3319500060,158,108225,1979/05/12 00:00:00+00,,VictorianHouse2DON.jpg,DesRptVictorianHouse.pdf
1275350.12506872,222296.531254053,2255,Seattle Buddhist Church,1427 S Main St,1427 S Main St,3320000165,160,106100,1976/12/27 00:00:00+00,,SeaBuddhistChurch1DON.jpg,seattle-first-buddhist-church-nomination-data-sheet.pdf
1272024.49983022,222328.59385398,2256,Old Main St School,307 6th Ave S,307 6th Ave S,5247801606,157,106147,1977/01/17 00:00:00+00,,OldMainStSchool1DON.jpg,old-main-st-data-sheet.pdf
1272622.24994706,221703.484211802,2257,Chinese Community Bulletin Board,511 7th Ave S,511 7th Ave S,5247802380,161,106072,1976/12/21 00:00:00+00,,ChinBullBoard3DON.jpg,chinese-community-bulletin-nomination-data-sheet.pdf
1272486.37489071,221706.437617972,2258,Eastern Hotel,506 Maynard Ave S,506-1/2 Maynard Ave S,5247802350,162,107750,1978/10/23 00:00:00+00,,EasternHotel3DON.jpg,eastern-hotel-designation-nomination.pdf
1274505.25011806,219730.187305391,2259,Pacific Medical Center/Former U.S. Marine Hospital,1200 12th Ave S,1200 12th Ave S,2829600110,165,116055,1992/01/27 00:00:00+00,,PacMed3DON.jpg,pacific-medical-center-designation.pdf
1270305.12498814,223572.062495649,2260,Hoge Building,705 2nd Ave,705 2nd Ave,0939000230,155,111889,1984/09/10 00:00:00+00,,HogeBldg1DON.jpg,hoge-building-designation.pdf
1270074.12512206,221308.437429726,2261,Flatiron Building,551 1st Ave S,551 1st Ave S,7666206935,164,106141,1977/01/10 00:00:00+00,,FlatironBldg3DON.jpg,triangle-hotel-flatiron-building-data-sheet.pdf
1280149.49998438,213570.984400719,2262,Franklin High School,3013 S Mount Baker Blvd,3013 S Mount Baker Blvd,5700000455,180,0,,,FranklinHS2DON.jpg,DesRptFranklinHigh.pdf 
1281805.49995323,214230.734393552,2263,Kraus/Andersson House,2812 Mount St Helens Pl S,2812 Mount St Helens Pl S,5700003530,178,110492,1982/03/22 00:00:00+00,,KrausAndersson2DON.jpg,kraus-andersson-designation-nomination.pdf
1274737.87498088,204965.937306389,2264,Cleveland High School,5511 15th Ave S,5511 15th Ave S,7549802085,184,121275,2003/10/26 00:00:00+00,,ClevelandHS1DON.jpg,cleveland-high-nomination.pdf
1274318.24983589,203261.547014385,2265,Georgetown City Hall / Fire Station #27,6202 13th Ave S,6202 13th Ave S,7006200345,187,111302,1983/09/12 00:00:00+00,,GTCityHall2DON.jpg,georgetown-old-city-hall-nomination.pdf
1261381.75011839,237556.937412977,2266,Cotterill House,2501 Westview Dr W,2501 Westview Dr W,7871500475,36,107751,1978/10/23 00:00:00+00,,CotterillHouse2DON.jpg,cotterill-house-designation-data-sheet.pdf
1261795.99994606,237434.296910226,2267,Handschy/Kistler House,2433 9th Ave W,2433 9th Ave W,7871500040,37,111024,1983/02/22 00:00:00+00,,HandschyKistler2DON.jpg,handschy-kistler-house-designation.pdf
1264604.37490672,233483.218854398,2268,Ballard/Howe House,22 W Highland Dr,22 W Highland Dr,1731800590,58,108226,1979/05/14 00:00:00+00,,BallardHoweHouse1DON.jpg,ballard-howe-house-designation.pdf
1273974.37486747,254142.48429431,2269,Ramsing House,540 NE 80th St,540 NE 80th St,2878601495,2,113261,1986/12/29 00:00:00+00,,RamsingHouse2DON.jpg,ramsing-house-designation-nomination.pdf
1274433.74993297,246668.156395227,2270,Church of the Blessed Sacrament and Rectory,5041 9th Ave NE,5041 9th Ave NE,2862100750,13,109732,1981/03/02 00:00:00+00,,Blessed1DON.jpg,DesRptChurchofBlessedSacrament.pdf
1265915.49990913,241000.781247064,2271,Fremont Trolley Barn/Red Hook Ale Brewery,3400 Phinney Ave N,3400 Phinney Ave N,1972203220,24,116054,1992/01/27 00:00:00+00,,FremontTrolleyBarn3DON.jpg,fremont-trolley-designation.pdf
1272883.87507997,239291.249889225,2272,Fisher-Howell House,2819 Franklin Ave E,2819 Franklin Ave E,1959701445,29,111885,1984/09/10 00:00:00+00,,FisherHowell1DON.jpg,fisher-howell-designation-nomination.pdf
1278825.75000723,234690.499904394,2273,Boyer/Lambert House,1617 Boyer Ave E,1617 Boyer Ave E,3592500285,45,111021,1983/02/22 00:00:00+00,,BoyerLambert2DON.jpg,DesRpt_Boyer-Lambert.pdf
1276869.87498197,235018.093737394,2274,Hebrew Academy/Old Forest Ridge Convent and Site,1617 Interlaken Dr E,1617 Interlaken Dr E,2125049015,44,108519,1979/07/17 00:00:00+00,,HebrewAcademy2DON.jpg, 
1282635.24993414,233848.093780816,2275,Samuel Hyde House,3726 E Madison St,3726 E Madison St,5316100400,46,117097,1994/04/18 00:00:00+00,,SamHydeHouse2DON.jpg,samuel-hyde-house-designation-nomination.pdf
1282553.12509839,229916.249938473,2276,Ellsworth Storey House ,260 Dorffel Dr E,260 Dorffel Dr E,1954700475,78,106071,1976/12/13 00:00:00+00,,EStoreyHouse2DON.jpg,DesRptEllsworthStoreyHouses.pdf
1281885.50012131,229850.71890156,2277,Brehm Brothers House #2,221 36th Ave E,221 36th Ave E,1778500355,76,108734,1979/12/24 00:00:00+00,,BrehmHouse1DON.jpg,brehm-brothers-designation-nomination.pdf
1279163.12498865,228964.171790138,2278,"James W Washington, Jr., Home and Studio",1816 26th Ave,1816 26th Ave,9828701990,85,116052,1992/01/27 00:00:00+00,,JWashingtonHome1DON.jpg,james-wa-jr-home-designation.pdf
1275798.87482738,228939.999922469,2279,"1st Church of Christ,Scientist",1519 E Denny Way,1519 E Denny Way,8080400145,83,106145,1977/01/17 00:00:00+00,,FirstChurchofC.S.1DON.jpg, 
1276119.87516963,228872.531225398,2280,Hillcrest Apartment Building,1616 E Howell St,1616 E Howell St,8080400185,84,109733,1981/03/11 00:00:00+00,,HillcrestApts1DON.jpg,hillcrest-apartment-designation.pdf
1275269.49990189,233425.656305477,2281,Seattle Art Museum at Volunteer Park,1400 E Prospect St,1400 E Prospect St,2925049087,60,125418,,,SAM4DON.jpg,seattle-asian-art-museum-volunteer-park-designation.pdf
1275349.75006947,232660.984278396,2282,Parker-Fersen House,1409 E Prospect St,1409 E Prospect St,1346300200,65,113423,1987/05/11 00:00:00+00,,ParkerHouse2DON.jpg,parker-fersen-house-nomination.pdf
1275093.7499253,232047.812604472,2283,Moore Mansion,811 14th Ave E,811 14th Ave E,1346300060,66,116971,1993/12/13 00:00:00+00,,MooreMansion6DON.jpg,moore-mansion-designation.pdf
1274976.62515956,231462.156295478,2284,Maryland Apartments,626 13th Ave E,626 13th Ave E,6851700045,70,114995,1990/03/19 00:00:00+00,,MarylandApts1DON.jpg,maryland-apartments-designation.pdf
1271329.74990739,230529.82810764,2285,St Spiridon Russian Orthodox Cathedral,400 Yale Ave N,400 Yale Ave N,6847700030,73,106099,1976/12/20 00:00:00+00,,StSpiridonCathedral2DON.jpg,st-spiridon-cathedral-nomination-data-sheet.pdf
1272880.50008672,230086.359506398,2286,San Remo Apartment Building,606 E Thomas St,606 E Thomas St,6848200770,75,113988,1988/05/31 00:00:00+00,,sanremoapts1DON.jpg,san-remo-apartment-building-designation-nomination.pdf
1270806.92582181,229994.915135473,2287,Immanual Lutheran Church,1215 Thomas St,1215 Thomas St,2467400400,74,109730,1981/03/02 00:00:00+00,,ImanLuthChurch2DON.jpg,immanuel-lutheran-designation-nomination.pdf
1265993.75008072,234096.984359145,2288,Queen Anne High School,215 Galer St,215 Galer St,3803000005,54,112274,1985/05/16 00:00:00+00,,qahighschool5DON.jpg, 
1265714.49998306,233210.843742982,2289,Brace/Moriarty House,170 Prospect St,170 Prospect St,5457300940,61,109586,1980/12/22 00:00:00+00,,BraceMoriartyRes2DON.jpg,brace-moriarty-designation-nomination.pdf
1269328.12497364,227111.32805489,2290,Times Square Building,414 Olive Way,414 Olive Way,0659000385,100,111883,1984/09/10 00:00:00+00,,TimesSquareBldg2DON.jpg,times-square-building-designation-nomination.pdf
1257559.49988888,216416.671950802,2291,West Seattle Library,2306 42nd Av SW,2306 42nd Av SW,6087100165,241,121102,2003/03/24 00:00:00+00,,WestSeattleLibrary3DON.jpg,west-seattle-library-designation.pdf
1278120.25010589,223018.01570347,2292,Douglass-Truth Library,2300 E Yesler Way,2300 E Yesler Way,6840701735,243,121107,2003/03/24 00:00:00+00,,DouglassLib4DON.jpg,douglass-truth-library-designation.pdf
1274629.37486981,246190.750197813,2293,University Library,5009 Roosevelt Way NE,5009 Roosevelt Way,0825049041,244,121104,2003/03/24 00:00:00+00,,UniversityLibrary2DON.jpg,university-library-designation.pdf
1266998.00004072,240792.406335726,2294,Fremont Library,731 N 35th St,731 N 35th St,1972202795,246,121103,2003/03/24 00:00:00+00,,FremontLibrary3DON.jpg,FremontLibrary.pdf
1256135.50011222,212881.343719646,2295,Madison Middle School,3429 45th Av SW,3429 45th Av SW,9278300005,247,0,,,MadisonMiddleSchool2DON.jpg,madison-middle-designation.pdf
1274928.62492748,234102.515516058,2296,Volunteer Park Conservatory,1400 E Galer St,1400 E Galer St,2925049087,248,123344,,,vpconservatory.jpg,VolunteerPark_Conservatory.pdf 
1275967.5001463,250538.656200141,2297,Roosevelt High School,1410 NE 66th St,1410 NE 66th St,8826900005,249,0,,,roosevelt_hs.jpg,roosevelt-high-school-designation.pdf
1272853.11792363,202394.670139223,2298,Hat 'n Boots,6430 Corson Avenue S,6910 East Marginal Way S,0001800137,250,123623,,,hatnboots2.jpg,hats-n-boots-designation.pdf
1278542.6249173,210689.562670141,2299,Cheasty Blvd South,Cheasty Blvd S Ord 25148,Cheasty Blvd S Ord 25148, ,254,0,,,tmb_cheasty_blvd.jpg,cheasty-boulevard-designation.pdf
1276252.62490414,224934.15622814,2300,Providence Hospital 1910 Bldg,528 17th Ave,528 and 538 17th Ave,7942600330,255,121588,2004/10/22 00:00:00+00,,prov_hosp.jpg,providence-hospital-designation.pdf
1266482.75008698,230293.703251809,2301,Seattle Monorail, , ,1985200550,256,121240,2003/08/04 00:00:00+00,,monorail.jpg,seattle-monorail-designation.pdf
1266901.24990614,230225.703059733,2302,Seattle Monorail, , ,1991200005,257,121240,2003/08/04 00:00:00+00,,monorail.jpg,seattle-monorail-designation.pdf
1267031.99997272,229362.593893558,2303,Seattle Monorail, , ,1991200235,258,121240,2003/08/04 00:00:00+00,,monorail.jpg,seattle-monorail-designation.pdf
1267487.12504672,228907.499987483,2304,Seattle Monorail, , , ,259,121240,2003/08/04 00:00:00+00,,monorail.jpg,seattle-monorail-designation.pdf
1268088.75015581,228358.25010173,2305,Seattle Monorail, , , ,260,121240,2003/08/04 00:00:00+00,,monorail.jpg,seattle-monorail-designation.pdf
1268669.37497881,227824.703268558,2306,Seattle Monorail, , , ,261,121240,2003/08/04 00:00:00+00,,monorail.jpg,seattle-monorail-designation.pdf
1269317.99999389,227217.906253815,2307,Seattle Monorail, , , ,262,121240,2003/08/04 00:00:00+00,,monorail.jpg,seattle-monorail-designation.pdf
1269547.74986248,226838.296776816,2308,Seattle Monorail, , ,0659000005,263,121240,2003/08/04 00:00:00+00,,monorail.jpg,seattle-monorail-designation.pdf
1289035.20957513,203739.392515391,2309,Seward Park Inn/Annex,5900 Lake Washington Blvd S,5900 Lake Washington Blvd S,2324049007,264,123429,,,seawardpkinn.jpg,seward-park-inn-designation.pdf
1253626.26234855,256285.553498983,2310,Golden Gardens Bath House,8001 Seaview Ave NW,8001 Seaview Ave NW,3426039006,265,121716,2005/02/23 00:00:00+00,,golden_gardens.jpg,golden-gardens-bathhouse-designation.pdf
1278131.08144906,223958.67064631,2311,Garfield High School,400 23rd Ave,400 23rd Ave,6840701230,266,0,,,garfield.jpg,garfield-high-designation.pdf
1265554.48225847,232917.88369897,2312,Gibbs House,1000 Warren Av N,1000 Warren Av N,5457300926,267,121426,2004/05/08 00:00:00+00,,gibbs_house.jpg,gibbs-house-designation.pdf
1256875.91661039,210611.509020478,2313,Dakota Place Park,4304 SW Dakota St,4304 SW Dakota St,3010301030,268,123624,,,ca_avesubstationDakotaPlPark.jpg,cal-ave-substation-designation.pdf
1276483.48894373,246791.735216305,2314,Henry Owen Shuey House,5218 16th Ave NE,5218 16th Ave NE,4232400455,271,121274,2003/10/26 00:00:00+00,,shueyhouse.jpg,DesRptShueyHouse.pdf
1262785.36050014,209410.103286803,2315,Cooper Elementary School,4408 Delridge Way SW,4408 Delridge Way SW,1324039018,272,121866,2005/08/24 00:00:00+00,,cooper_school.jpg,cooper-elementary-designation.pdf
1282027.9644033,213119.783859566,2316,Mt Baker Presbyterian Church,3201 Hunter Blvd S,3201 Hunter Blvd S,5700002905,273,125154,,,MtBakerPresbyterianChurch.bmp,mt-baker-presbyterian-designation.pdf
1273304.36603689,229184.353108317,2317,Pantages House,803 E Denny Way,803 E Denny Way,6003001299,274,123023,2009/08/07 00:00:00+00,,pantages_post_this.jpg,pantages-house-designation.pdf
1271915.48200364,192862.721027315,2318,Querio House,9364 7th Ave S,9326 7th Ave S,2433200115,275,0,,,querio_house.jpg,querio-house-nomination.pdf
1251189.57168388,243139.956102565,2319,Fort Lawton Chapel,3801 W Government Way,631 Washington Ave,1525039042,276,114011,,,FortLawtonChapel.jpg,fort-lawton-chapel-designation.pdf
1276241.68594964,212032.754865646,2320,Fire Station #13,3601 Beacon Ave S,3601 Beacon Ave S,1624049270,277,123289,,,fs13.jpg,fire-station-13-designation.pdf
1273411.39666273,251261.126539975,2321,Fire Station #16,6846 Oswego Pl NE,6846 Oswego Pl NE,9528103550,278,122464,2007/09/21 00:00:00+00,,fs16.jpg,fire-station-16-designation.pdf
1259324.88874656,199770.232802808,2322,Fire Station #37,7302 35th Ave SW,7302 35th Ave SW,8122100070,279,122466,2007/09/21 00:00:00+00,,fs37.jpg,fire-station-37-designation.pdf
1280802.22374456,247334.056638226,2323,Fire Station #38,5503 33rd Ave NE,5503 33rd Ave NE,8827901028,280,122467,2007/09/21 00:00:00+00,,fs38.jpg,fire-station-38-designation.pdf
1276423.36832905,237570.089289561,2324,Montlake Community Center,1618 E Calhoun St,1618 E Calhoun St,6788202280,281,123343,,,montlake_cc.jpg,montlake-community-center-designation.pdf
1284440.21548431,243782.044713393,2325,Laurelhurst Community Center,4554 NE 41st St,4554 NE 41st St,7613700005,282,123555,,,laurelhurst_cc.jpg,laurelhurst-community-center-designation.pdf
1277916.80136581,222865.627228722,2326,Fire Station #6,101 23rd Ave S,101 23rd Ave S,9826701650,284,122462,2007/09/21 00:00:00+00,,fs6.jpg,fire-station-6-designation.pdf
1271363.8184088,213182.033078894,2327,Fire Station #14,3224 4th Ave S,3224 4th Ave S,7674800085,285,122463,2007/09/21 00:00:00+00,,fs14.jpg,fire-station-14-designation.pdf
1274912.20304431,246151.860839888,2328,Fire Station #17,1010 NE 50th St,1010 NE 50th St,6746701655,286,122465,2007/09/21 00:00:00+00,,fs17.jpg,fire-station-17-designation.pdf
1254061.99441673,237442.189939067,2329,Fire Station #41,2416 34th Ave W,2416 34th Ave W,2225039052,287,122468,2007/09/21 00:00:00+00,,fs41.jpg,fire-station-41-designation.pdf
1271169.08946756,230815.160870314,2330,Supply Laundry Building,1265 Republican St,1265 Republican St,6849200110,288,122470,2007/09/21 00:00:00+00,,supply_laundry.jpg,supply-laundry-designation.pdf
1275907.24075238,245426.269443303,2331,Wilsonian Apt Bldg Ballroom Gar,4710 University Way NE,4700-4720 University Way NE,8816400265,289,0,,,wilsonian_apts.jpg,wilsonian-apartments-designation.pdf
1278062.14785989,218433.225660473,2332,Colman School,2300 S Massachusetts St,2300 S Massachusetts St,0924049010,290,122950,2009/05/15 00:00:00+00,,colman_sch.jpg,colman-school-designation.pdf
1276784.60153048,238875.851441815,2333,Seattle Yacht Club,1807 E Hamlin St,1807 E Hamlin St,5605000305,291,122702,2008/07/05 00:00:00+00,,tmb_syc.jpg,seattle-yacht-club-designation.pdf
1269639.46260555,227126.425137565,2334,Medical Dental Building,509 Olive Way,509 Olive Way,0659000085,292,122316,2007/01/20 00:00:00+00,,med_dental_bldg.jpg,DesRptMedicalDentalBuilding.pdf
1277926.84005964,244796.77562356,2335,Sigma Kappa Mu Chapter Hse,4510 22nd Ave NE,4510 22nd Ave NE,1321300090,293,122469,2007/09/21 00:00:00+00,,sigmakappa.jpg,sigma-kappa-mu-designation.pdf
1269195.15443906,231757.254130483,2336,Pacific-Ford McKay Bldg,601 Westlake Ave N,601-605 Westlake Ave N,4088803385,294,0,,,pac_mckay_bldgs.jpg,pacific-ford-mckay-designation.pdf
1264730.45536323,233279.155286148,2337,Harry Whitney Treat House,1 West Highland Dr,1 West Highland Dr,1731800005,295,122353,2007/04/11 00:00:00+00,,treat_house.jpg,DesRptTreatHouse.pdf
1264935.82503122,232710.402486637,2338,Leona/Park Ridge Apartments,916 Queen Anne Ave N,916 Queen Anne Ave N,3879900220,296,122818,2008/11/07 00:00:00+00,,Leona_A.jpg,leona-park-ridge-apartments-designation.pdf
1268278.86526114,228030.891176388,2339,Windham Apartments,420 Blanchard St,420 Blanchard St,0696000135,297,122595,2008/01/12 00:00:00+00,,windham_apts.jpg,windham-apartments-designation.pdf
1269614.33831197,243308.664426565,2340,Hamilton Middle School,1610 N 41st St,1610 N 41st St,4083301505,298,0,,,HamiltonMiddleSchool.bmp,hamilton-middle-school-designation.pdf
1268943.50664839,225937.067608148,2341,Eitel Building,1501 2nd Ave,1501 Second Ave,1975700645,299,123534,,,eitelbldg.jpg,DesRptEitelBuilding.pdf
1275612.92113106,221542.354284719,2342,Seattle Japanese Language School,1414 S Weller St,1414 S Weller St,3320500190,300,125743,,,japaneselangschool.jpg,japanese-language-school-designation.pdf
1267500.83269647,229396.437657893,2343,Seattle-First National Bank,566 Denny Way,566 Denny Way,1991200580,301,0,,,bofa.jpg,DesRptSeafirst_Natl_Bank_Denny.pdf
1272379.26978998,226405.019100055,2344,Dearborn House,1117 Minor Ave,1117 Minor Ave,1978200550,302,122951,2009/05/15 00:00:00+00,,DearbornHouse.jpg,dearborn-house-designation.pdf
1265545.9520918,244587.279651478,2345,Fitch/Nutt House,4401 Phinney Ave N,4401 Phinney Ave N,8129700070,303,0,,,FitchNuttHouse.jpg,fitch-nutt-house-designation.pdf
1268756.78097197,224237.195679814,2346,Pier 55,1101 Alaskan Way,1101 Alaskan Way,7666202485,305,123860,,,Pier55.bmp,piers-waterfront-designation.pdf
1268615.49582148,224489.603967637,2347,Pier 56,1201 Alaskan Way,1201 Alaskan Way,7666202485,306,123858,,,Pier56.bmp,piers-waterfront-designation.pdf
1268480.23920222,224714.160933226,2348,Pier 57,1301 Alaskan Way,1301 Alaskan Way,7666202435,307,123861,,,Pier57.bmp,piers-waterfront-designation.pdf
1268895.32170539,223999.545564562,2349,Pier 54,1001 Alaskan Way,1001 Alaskan Way,7666202495,304,123859,,,Pier54.bmp,piers-waterfront-designation.pdf
1270113.09912547,223821.829056472,2350,Norton Building,801 2ND AVE,801 2ND AVE,0939000355,308,122947,2009/05/15 00:00:00+00,,NortonBuilding.bmp,norton-building-designation.pdf
1265958.43978389,250808.77344206,2351,John B Allen School,6532 Phinney Ave N,6532 Phinney Ave NW,0625049063,309,123845,,,JohnBAllenSchool.bmp,allen-johnb-designation.pdf
1266797.79440439,227227.15820381,2352,Bon Marche Stables,2315 Western Ave,2315 Western Ave,0654000330,311,122995,2009/07/04 00:00:00+00,,BonMarcheStables.bmp,DesRptBonMarcheStables.pdf
1268391.17113888,226679.794141054,2353,Terminal Sales Annex,1931 Second Ave,1931 Second Ave,1977200926,312,122981,2009/06/25 00:00:00+00,,TerminalSalesAnnex.bmp,terminal-sales-annex-designation.pdf
1270322.71484797,226000.775485978,2354,Washington Athletic Club,1325 Sixth Ave,1325 Sixth Ave,1975700025,313,122948,2009/05/15 00:00:00+00,,WashingtonAthleticClub.bmp,washington-athletic-club-designation.pdf
1270781.81990089,225312.510130227,2355,Women's University Club,1105 6th Ave,1105 6th Ave,0942000255,314,122949,2009/05/15 00:00:00+00,,WomensUniversityClub.bmp,womens-university-club-designation.pdf
1270578.59622598,224183.71940881,2356,Central Building,810 Third Ave,810 Third Ave,0942000550,315,122952,2009/05/15 00:00:00+00,,Central Building 2007.JPG,central-building-designation.pdf
1269668.42481796,230328.45318231,2357,Terry Avenue Building,320 Terry Ave N,320 Terry Ave N,1986200450,316,123486,,,TerryAvenueBuilding.bmp,320-terry-avenue-building-designation.pdf
1279639.14733055,233005.478011981,2358,Seattle Japanese Garden,1075 Lake Washington Blvd E,1075 Lake Washington Blvd E,2125049044,317,0,,,SeattleJapaneseGarden.jpg,seattle-japanese-garden-designation.pdf
1268116.56670122,227321.90867047,2359,Metropolitan Press Printing Co/Brasa Bldg,2107 3RD Ave,2107 Third Avenue,1977201190,318,124550,,,MetropolitanPressPrintingCoBrasaBldg.bmp,metropolitan-printing-designation.pdf
1275073.29261714,225627.850050732,2360,Coca Cola Bottling Plant,1313 E Columbia St,1313 E Columbia St,2254500880,319,123294,,,CocaColaBottlingPlant.bmp,DesRptCocaColaBottlingPlant.pdf
1269143.19785005,226210.488977313,2361,Fischer Studio Building,1519 3RD AVE,1519 3RD AVE,2568000000,320,123382,,,FischerStudioBuilding.bmp,fischer-studio-designation.pdf
1274021.89445747,248162.670466557,2362,Dr Annie Russell House,5721 8th Ave NE,5721 8th Ave NE,1928300398,321,123074,2009/09/19 00:00:00+00,,DrAnnieRussell.jpg,dr-annie-russell-house-designation.pdf
1267091.08679681,227831.915852562,2363,MGM Building,2331 2nd Ave,2331 Second Avenue,0655000045,322,123290,,,MGMBuilding.bmp,mgm-building-designation.pdf
1268966.28711464,226903.399993062,2364,Securities Building,1904 Third Ave,1904 Third Ave,1977201315,323,123204,2010/01/20 00:00:00+00,,WashingtonSecuritiesBuilding.bmp,securities-building-designation.pdf
1265940.30727422,228697.664777219,2365,Seattle Labor Temple,2800 First Ave,2800 First Ave,0654000005,324,123345,,,SeattleLaborTemple.bmp,seattle-labor-temple-designation.pdf
1275009.61131406,223417.606767803,2366,Washington Hall,153 14th Ave,153 14th Ave,4226900030,325,123346,,,WashingtonHall.bmp,washington-hall-designation.pdf
1279496.75128989,265706.500864387,2367,Lake City School,2611 NE 125th St,2611 NE 125th St,2826049043,326,0,,,LakeCitySchool.bmp,lake-city-school-designation.pdf
1269754.69859555,232549.134764552,2368,Naval Reserve Armory,860 Terry Ave N,860 Terry Ave N,4088803210,327,123428,,,NavalReserveArmory.bmp,naval-reserve-armory-designation.pdf
1267137.25041839,227779.137086719,2369,William Tell Hotel,2327 2nd Ave,2327 2nd Ave,0655000050,328,123203,2010/01/20 00:00:00+00,,WilliamTellHotel.bmp,william-tell-hotel-designation.pdf
1273249.9229043,234232.750819892,2370,Egan House,1500 Lakeview Blvd E,1500 Lakeview Boulevard East,2025049049,329,123295,,,EganHouse.bmp,egan-house-designation.pdf
1268764.82623146,226755.60862197,2371,Donahoe Building / Bergman Luggage,1901 - 1911 3rd Avenue,,,495,,,,Donahoe Building.jpg,DesRptDonahoe.pdf
1275228.04197955,215731.083098888,2372,Turner-Koepf House / Beacon Hill Garden House,2336 15th Avenue South,,,494,,,,TurnerKoepf.jpg,DesRptBeaconHillGardenHouse.pdf
1274849.79634497,232843.808715895,2373,Volunteer Park Grounds,1400 E Prospect St,1400 E Prospect St,2925049087,435,0,,,VoL_Pk_Grounds.jpg  ,DesRptVolunteerPark.pdf
1275526.87996456,232804.746129975,2374,Volunteer Park Grounds,1400 E Prospect St,1400 E Prospect St,2925049087,436,0,,,VoL_Pk_Grounds.jpg  ,DesRptVolunteerPark.pdf
1275625.83809997,233023.496020555,2375,Volunteer Park Grounds,1400 E Prospect St,1400 E Prospect St,2925049087,437,0,,, VoL_Pk_Grounds.jpg ,DesRptVolunteerPark.pdf
1275628.44242547,233364.641991809,2376,Volunteer Park Grounds,1400 E Prospect St,1400 E Prospect St,2925049087,438,0,,, VoL_Pk_Grounds.jpg ,DesRptVolunteerPark.pdf
1275638.8590713,233739.641897976,2377,Volunteer Park Grounds,1400 E Prospect St,1400 E Prospect St,2925049087,439,125215,,,VoL_Pk_Grounds.jpg  ,DesRptVolunteerPark.pdf
1275644.06739423,234101.621160895,2378,Volunteer Park Grounds,1400 E Prospect St,1400 E Prospect St,2925049087,440,0,,,Vol_Pk_grounds_NE.jpg,DesRptVolunteerPark.pdf
1275193.54631364,232825.579421639,2379,Volunteer Park Grounds,1400 E Prospect St,1400 E Prospect St,2925049087,441,0,,, VoL_Pk_Grounds.jpg ,DesRptVolunteerPark.pdf 
1268770.64642981,254005.428137973,2380,Daniel Bagley Elementary School,7821 Stone Ave N,7821 / 7901 Stone Ave N,0625049048,442,0,2015/05/06 00:00:00+00,,DanielBagleyelem.jpg ,DesRptDanielBagleyElementarySchool.pdf
1255407.1849678,251103.865043476,2381,Daniel Webster Elementary School,3014 NW 67th St,3014 NW 67th St,3693901110,443,0,2015/05/06 00:00:00+00,,DanielWebster.jpg ,DesRptDanielWebsterElementarySchool.pdf
1256041.69977489,237567.699858636,2382,Magnolia School,2418 28th Ave W,2418 28th Ave W,0269001275,445,0,2015/06/03 00:00:00+00,,Magnolia_School.jpg ,DesRptMagnoliaSchool.pdf
1259615.91998863,198177.529951483,2383,E.C. Hughes School,7740 34th Ave SW,7740 34th Ave SW,1932300245,444,0,2015/06/03 00:00:00+00,,ECHughes.jpg,DesRptECHughesSchool.pdf
1265870.87007713,231124.130068645,2384,Kobe Bell,210 Republican St,305 Harrison Street,1988200440,446,123297,2010/06/12 00:00:00+00,,kobe.jpg ,DesRptKobeBell.pdf
1266197.67618206,230361.846816316,2385,Seattle Center House,305 Harrison Street,305 Harrison Street,1985200305,447,123298,2010/06/12 00:00:00+00,,Sea_ctr_house.jpg,seattle-center-house-seattle-armory-designation.pdf
1267568.42606522,227619.757156149,2386,Wayne Apartments,2224 2nd Ave,2224 Second Ave,0694000030,448,0,1899/12/30 00:00:00+00,, ,DesRptWayne Apartments.pdf
1275489.63528839,228674.158918723,2387,Gaslight Inn / Singerman House,1727 15th Ave,1727 15th Ave,1728800145,449,125126,1899/12/30 00:00:00+00,,Gaslight.jpg ,DesRptGaslight Inn  Singerman House.pdf
1273916.24801522,233758.37086314,2388,J.W. Bullock House,1220 10th Ave E,1220 10th Ave E,6762700745,453,125127,1899/12/30 00:00:00+00,,Bullock.png,DesRptJ.W. Bullock House.pdf
1269243.30493331,244366.398203477,2389,Lincoln High School,4400 Interlake Ave N,4400 Interlake Ave N,7821200700,454,0,1899/12/30 00:00:00+00,,Lincoln_High.png, DesRptLincolnHighSchool.pdf
1269775.80616489,224458.124699891,2390,Federal Reserve Bank of San Francisco,1015 2nd Ave,1015 Second Avenue,0939000520,455,0,2016/01/20 00:00:00+00,,Federal_Reserve.jpg ,DesRptFederalReserveBank.pdf
1263303.38308614,234715.028070554,2391,Pacific Telephone & Telegraph Garfield Exchange,1529 4th Ave W,1529 4th Avenue W,4232903170,457,125214,1899/12/30 00:00:00+00,,Pac_Tel_Telegraph.jpg,DesRptPacific_Telephone_Telegraph.pdf
1269363.39688472,230650.732065305,2392,Firestone Auto Supply and Service,400 Westlake Ave N,400 Westlake Ave,1983200230,459,0,1899/12/30 00:00:00+00,,FirestoneSLU.jpg,DesRptFirestone.pdf
1265489.94104896,231754.976904064,2393,Seattle City Light Power Control Center / System Operations,157 Roy St,157 Roy St,5457300580,460,125321,1899/12/30 00:00:00+00,,SCLPowerControlCenter.jpg, DesRptSCLPowerControl.pdf
1267508.77395356,227643.315179899,2394,Mama's Mexican Kitchen Building,2234 2nd Ave,2234 Second Avenue,0694000035,461,0,1899/12/30 00:00:00+00,,Mamas_Mexican.jpg,DesRptMama's_Mexican.pdf
1256810.32422189,208605.258767888,2395,Crescent-Hamm Building,4302 SW Alaska St,4302 SW Alaska St / 4559 California Ave SW,3389900115,463,125522,1899/12/30 00:00:00+00,,CresentHammBldg.jpg,DesRptCrescentHamm.pdf
1273463.74596748,227726.201168969,2396,Eldridge Tire Company Building,1519 Broadway,1519 Broadway,6003000510,464,125624,1899/12/30 00:00:00+00,,Eldridge_Tire.jpg ,DesRptEldridgeTire.pdf
1256995.74183005,208590.462209553,2397,Campbell Building,4554 California Ave SW,4554 California Ave SW,0952006375,465,125486,1899/12/30 00:00:00+00,,CampbellBldg.jpg,DesRptCampbellBuilding.pdf
1266475.71794881,239725.272971302,2398,Bleitz Funeral Home,316 Florentia St,316 Florentia Street,1973200006,467,126017,1899/12/30 00:00:00+00,,Bleitz.jpg,DesRptBleitz.pdf
1268204.34211622,241643.62904273,2399,Shannon and Wilson Office Building,3652-3670 Woodland Park Ave N,3652-3670 Woodland Park Ave N/1101-1111 N 38th St,2261500090,469,125623,2017/07/19 00:00:00+00,,Shannon_Wilson.jpg ,DesRptShannonWilson.pdf
1265432.38112472,230620.450957894,2400,Century 21 Coliseum / Key Arena,305 Harrison St,305 Harrison St,1985200003,470,125642,2017/08/03 00:00:00+00,,ArenaSeattleCenter.jpg ,DesRptKey_Arena.pdf
1265129.89025989,230149.182215393,2401,Bressi Garage,226 First Ave N,226-232 First Ave N,1989201515,474,125643,2017/08/03 00:00:00+00,,Bressi_Garage.jpg,DesRptBressi_Garage.pdf
1268743.50606413,232799.669040397,2402,American Meter and Appliance Building,1001 Westlake Ave N,1001-1005 Westlake Ave N,1989201515,475,0,2017/05/16 00:00:00+00,,AmericanMeter.jpg,DesRptAmericanMeter.pdf
1272095.70703688,235736.599846303,2403,Pacific Architect and Builder,1945 Yale Pl E,1945 Yale Pl E,2025049033,476,125523,2017/07/20 00:00:00+00,,Pac_Arch_Bld.jpg,DesRptPacific_Architect_Builder.pdf
1268862.18988189,227509.657966897,2404,Sheridan Apartments,2011 Fifth Ave,2011 Fifth Ave,0659001015,477,0,2017/07/18 00:00:00+00,,Sheridan_Apt.png,DesRptSheridanApts.pdf 
1268919.48897989,227464.02518414,2405,Griffin Building,2005 Fifth Ave,2005 Fifth Ave,0659001020,478,0,2017/07/18 00:00:00+00,,Griffin.png,DesRptGriffin.pdf
1267457.99190289,230481.968951389,2406,Broad St Substation,319 6th Ave N,319 6th Ave N,1991200405,481,125783,1899/12/30 00:00:00+00,,BroadStreetSub.jpg ,DesRptBroadStreetSubstation.pdf
1276963.18385047,228341.044099391,2407,Mount Zion Baptist Church,1634 Reverend Dr. S. McKinney Ave,1634 Reverend Dr. S. McKinney Ave,7228501980,483,125591,1899/12/30 00:00:00+00,,Mt_Zion.jpg ,DesRptMt_Zion_Baptist_Church.pdf 
1268706.94314514,226802.267977476,2408,White Garage,1915 3rd Ave,1915 3rd Ave,1977201055,484,0,1899/12/30 00:00:00+00,,White_Garage.jpg,DesRptWhiteGarage.pdf
1278952.72088189,240042.69884564,2409,UW Canoe House/ASUW Shell House/US Naval Training Hangar,3655 Walla Walla Rd NE,3655 Walla Walla Rd NE,162504HYDR,486,125742,1899/12/30 00:00:00+00,,UW_Canoe_House.jpg,DesRptUW_Canoe House.pdf
1277978.91803947,227637.772868142,2410,East Pine Substation,1501 23rd Ave,1501 23rd Ave,7228500465,487,0,1899/12/30 00:00:00+00,,EPineSub.jpg,DesRptEast_Pine_Substation.pdf
1274271.93988913,232488.600108728,2411,Highland Apartments,931 11TH AVE E,931 11TH AVE E,3295200000,490,126016,1899/12/30 00:00:00+00,,HighlandApartments.jpg,DesRptHighland_Apartments.pdf
1281397.71599188,214186.228248969,2412,Mount Baker Community Club Clubhouse,2815 Mount Rainier Dr S,2811-2815 Mount Rainier Drive South,5700002390,491,125837,2018/09/06 00:00:00+00,,Mount_Baker_Clubhouse.jpg ,DesRptMt_Baker_Community_Club.pdf
1270409.13954389,230237.334926233,2413,Bricklayers Building,318 Fairview Ave N,318 Fairview Avenue North,2467400080,492,0,1899/12/30 00:00:00+00,,Bricklayers_Building.jpg,DesRptBricklayers.pdf
1272142.73811081,231475.151020139,2414,Roy Vue Apartments,615 Bellevue Ave East,615 Bellevue Avenue East,6848200030,493,126146,1899/12/30 00:00:00+00,,RoyVue.png,DesRptRoy_Vue_Apartments.pdf
1270913.33735439,224456.816959724,2415,First United Methodist Church (former),811 5th Ave,811 5th Ave,0942000530,331,123291,,,FUMC.jpg,DesRptFUMC.pdf
1262129.1971143,238089.398946479,2416,Seventh Church of Christ (former),2555 8th Ave W,2555 8th Ave W,2425039014,332,123341,,,SeventhChurchofChrist_former.bmp,seventh-church-christ-designation.pdf
1269388.57006273,223865.544848308,2417,Maritime Building,911 Western Ave,911 Western Ave,7666202525,334,125419,,,MaritimeBuilding.bmp,DesRptMaritime.pdf
1257508.24211739,215243.717931896,2418,"Sixth Church of Christ, Scientist (former)",2656 42nd Ave SW,2656 42nd Ave SW,6087101025,335,123296,,,SixthChurchofChristScientist_former.bmp,sixth-church-christ-designation.pdf
1255441.15963739,200464.618881226,2419,Kenney Seaview Building,7125 Fauntleroy Way SW,7125 Fauntleroy Way SW,4315700240,336,0,,,KenneySeaviewBuilding.bmp,kenney-seaview-designation.pdf
1272721.32192738,223820.501959398,2420,Harborview Medical Center,325 9th Ave,325 Ninth Ave,8590400545,337,123557,,,HarborviewMedicalCenter.bmp,harborview-designation.pdf
1272129.37494856,225929.859617308,2421,Baroness Apartment Hotel,1005 Spring St,1005 Spring Street,8590901030,339,123487,,,BaronessApartmentHotel.bmp,baroness-apartments-designation.pdf
1275099.90772139,229957.711141646,2422,Cooper House,227 14th Ave E,227 14th Ave E,6003501795,341,123022,2009/08/07 00:00:00+00,,Cooper_house.jpg,cooper-house-designation.pdf
1273144.30139638,239689.801585555,2423,L'Amourita Apt Bldg,2901 Franklin Ave E,2901-2917 Franklin Ave E,1959702631,342,122594,2008/01/12 00:00:00+00,,lamou.jpg,lamourita-apartment-designation.pdf
1272127.09345706,227638.078969896,2424,First Covenant Church,1500 Bellevue Ave E,1500 Bellevue Ave,8725600475,343,112425,1985/10/17 00:00:00+00,,, 
1258103.73042773,217798.182967305,2425,Bloss House,4055 SW Holgate St,4055 SW Holgate Street,9151600005,346,123846,,,Bloss_House.jpg,bloss-house-designation.pdf
1266124.40237847,229753.556694314,2426,Pacific Science Center,202 2nd Ave N,202 2nd Ave N,1985200140,347,124932,1899/12/30 00:00:00+00,,PacificScienceCenter.bmp,pacific-science-center-designation.pdf
1269644.97210898,227431.190276057,2427,Lloyd Building,601 Stewart St,601 Stewart St,0659000350,348,0,1899/12/30 00:00:00+00,,LloydBuilding.bmp,lloyd-building-designation.pdf
1256969.24188305,234403.019508228,2428,Admiral's House,2099 W Garfield St,2001 W Garfield St,2325039106,349,124135,1899/12/30 00:00:00+00,,admiralshouse.jpg,admirals-house-designation.pdf
1270607.94787331,225341.604888305,2429,YWCA Building,1118 5th Ave,1118 5th Ave,2301950000,350,124292,1899/12/30 00:00:00+00,,YWCABuilding.bmp,ywca-building-designation.pdf
1272015.49886397,231709.569186479,2430,Bel-Roy Apartments,703 Bellevue Ave E,703 Bellevue Ave E,2163900440,357,123857,1899/12/30 00:00:00+00,,BelRoyApartments.bmp,belroy-designation.pdf
1267378.09212831,227880.992854148,2431,RKO Distributing Co. Bldg,2312 Second Ave,2312 Second Ave,0656000230,353,124551,1899/12/30 00:00:00+00,,RKODistributingCoBldg.bmp,rko-distributing-company-building-designation.pdf
1263296.00022689,232452.400049895,2432,Villa Costella,348 W Olympic Way,348 W Olympic Way,8944110000,354,123847,1899/12/30 00:00:00+00,,VillaCostella.bmp,villa-costella-designation.pdf
1273125.74598731,223314.305793315,2433,Yesler Terrace Steam Plant,120 8th Ave,120 8th Ave,9821700005,355,124717,1899/12/30 00:00:00+00,,steam-plant.jpg,yesler-terrace-steam-plant-designation.pdf
1282155.74990889,229215.921942815,2434,Rohrer House,122 37th Ave E,122 37th Ave E,9103000720,356,124243,1899/12/30 00:00:00+00,,Rohrer House.jpg,rohrer-house-designation.pdf
1270492.60394388,223852.182998389,2435,Chamber of Commerce Bldg,215 Columbia St,215 Columbia St,0939000245,358,123848,1899/12/30 00:00:00+00,,ChamberofCommerce.jpg,chamber-of-commerce-designation.pdf
1266651.8750768,227788.515676886,2436,Latona Hotel/Ace Hotel,2419-2423 1st Avenue, ,0653000100,359,0,2011/02/16 00:00:00+00,,LatonaHotel_AceHotel.bmp,latona-ace-hotel-designation.pdf
1283909.8740253,268033.292142555,2437,Barksdale House,13226 42nd Ave NE, ,1454600165,360,124244,1899/12/30 00:00:00+00,,BarksdaleHouse.bmp,barksdale-house-designation.pdf
1267846.87498339,227384.421668813,2438,Castle Apartments,2132 2nd Ave, ,1977201145,362,0,1899/12/30 00:00:00+00,,CastleApartments.bmp, 
1268894.26527706,224699.463456064,2439,Pacific Net & Twine Building,51 University St, ,2539070000,363,124291,1899/12/30 00:00:00+00,,PacificNetandTwineBuilding.jpg,pacific-net-and-twine-designation.pdf
1269989.46190555,230420.338169143,2440,Boren Investment Company Warehouse Building,334 Boren Ave N, ,1986200515,364,124494,2014/07/13 00:00:00+00,,BorenInvestmentCompanyWarehouseBuilding.bmp,DesRptBorenInvestmentCo.pdf
1268401.49985839,226896.468576476,2441,Palladian Apartments,2000 Second Ave, ,1977201140,365,124376,1899/12/30 00:00:00+00,,PalladianApartments.bmp,DesRptPalladianApartments.pdf
1270180.35095946,229165.349209309,2442,Fashioncraft Building/Recovery Cafe,2022 Boren Ave, ,0660002245,366,124190,1899/12/30 00:00:00+00,,FashioncraftBuilding_RecoveryCafe.bmp,fashion-craft-designation.pdf
1264046.33238764,229501.074259639,2443,Seattle Post Intelligencer Globe,101 Elliott Ave W, ,7666202220,368,124964,1899/12/30 00:00:00+00,,seattle_PI_globe.jpg,pi-globe-designation.pdf
1270405.97321163,223803.44490689,2444,Seattle National Bank (United Way Building),720 Second Ave, ,0939000240,370,124716,1899/12/30 00:00:00+00,,SeattleNationalBank.bmp,seattle-national-bank-building-designation.pdf
1278419.1251643,225386.437475815,2445,Horace Mann School,2410 E Cherry St, ,0519000290,372,124245,1899/12/30 00:00:00+00,,HoraceMannSchool.bmp,horace-mann-designation.pdf
1282549.27110347,268224.489922896,2446,Cedar Park Elementary School,13224 37th Ave NE, ,1454100350,371,124515,1899/12/30 00:00:00+00,,CedarParkElementary.jpg,cedar-park-elementary-designation.pdf
1275588.31914614,244610.923961148,2447,Neptune Building,1301 NE 45th St, ,1142000235,373,124430,1899/12/30 00:00:00+00,,Neptune Theater0001.jpg,neptune-building-designation.pdf
1258525.81193264,247853.123185396,2448,Ballard Carnegie Library,2026 NW Market St, ,2767700960,374,124227,1899/12/30 00:00:00+00,,BallardCarnegieLibrary.bmp,ballard-library-designation.pdf
1271266.82975763,225737.133952886,2449,"Town Hall Seattle (Fourth Church of Christ, Scientist)",1119 8th Ave, ,1979200050,375,124933,1899/12/30 00:00:00+00,,TownHallSeattle.bmp,town-hall-designation.pdf
1274710.64996973,259277.291938066,2450,Chiarelli-Dore House,843 NE 100th St, ,5101405378,378,124425,1899/12/30 00:00:00+00,,Chiarelli_DoreHouse.bmp,chiarelli-dore-house-designation.pdf
1280121.34190422,216362.318056896,2451,Charles P Dose House,2121 31st Ave S, ,2090200025,377,124246,1899/12/30 00:00:00+00,,CharlesPDoseHouse.bmp,DesRptDoseHouse.pdf
1277815.37505947,237148.640657395,2452,Montlake School,2409 22nd Ave E, ,6788200735,379,124778,1899/12/30 00:00:00+00,,MontlakeSchool.png,montlake-school-designation.pdf
1267303.12508664,227015.093667313,2453,Union Stables,2200 Western Ave, ,1977200605,380,124495,2014/07/13 00:00:00+00,,UnionStables.png,union-stables-designation.pdf
1268700.29486448,231952.94304356,2454,Puget Sound Power and Light Co. Utilities Bldg,800 Aloha St, ,4088803530,381,0,1899/12/30 00:00:00+00,,PugetSoundPowerandLight.png,DesRptPugetSoundPowerLight.pdf
1260469.60889806,236112.615170389,2455,Fourteenth Ave W Group,2000 14th Ave W,2000-2016 14th Ave W, ,41,108211,1979/05/14 00:00:00+00,,14thAveWestRes2DON.jpg,DesRpt_14th_Ave_W_Group.pdf 
1260474.1610543,236161.579967469,2456,Fourteenth Ave W Group,2006 14th Ave W,2000-2016 14th Ave W, ,382,108211,1979/05/14 00:00:00+00,,14thAveWestRes2DON.jpg,DesRpt_14th_Ave_W_Group.pdf  
1260425.54500981,236186.881097972,2457,Fourteenth Ave W Group,2010 14th Ave W,2000-2016 14th Ave W, ,383,108211,1979/05/14 00:00:00+00,,14thAveWestRes2DON.jpg,DesRpt_14th_Ave_W_Group.pdf 
1260444.26314822,236272.503958225,2458,Fourteenth Ave W Group,2016 14th Ave W,2000-2016 14th Ave W, ,385,108211,1979/05/14 00:00:00+00,,14thAveWestRes2DON.jpg,DesRpt_14th_Ave_W_Group.pdf 
1278033.29096222,225800.873982891,2459,Twenty-third Ave Houses Group,816 23rd Ave,812-828 23rd Ave,9126102040,386,108732,1979/12/24 00:00:00+00,,23rdAveHouses2DON.jpg,twenty-third-avenue-houses-designation-nomination.pdf
1278029.16990747,225861.637968972,2460,Twenty-third Ave Houses Group,822 23rd Ave,812-828 23rd Ave,9126102040,387,108732,1979/12/24 00:00:00+00,,23rdAveHouses2DON.jpg,twenty-third-avenue-houses-designation-nomination.pdf
1278038.00814439,225891.253067225,2461,Twenty-third Ave Houses Group,824 23rd Ave,812-828 23rd Ave,9126102040,388,108732,1979/12/24 00:00:00+00,,23rdAveHouses2DON.jpg,twenty-third-avenue-houses-designation-nomination.pdf
1278039.30407356,225920.756945223,2462,Twenty-third Ave Houses Group,828 23rd Ave,812-828 23rd Ave,9126102040,389,108732,1979/12/24 00:00:00+00,,23rdAveHouses2DON.jpg,twenty-third-avenue-houses-designation-nomination.pdf
1278051.03797397,225777.824816391,2463,Twenty-third Ave Houses Group,812 23rd Ave,812-828 23rd Ave,9126102040,390,108732,1979/12/24 00:00:00+00,,23rdAveHouses2DON.jpg,twenty-third-avenue-houses-designation-nomination.pdf
1263599.89889731,240525.363890812,2464,Alexander Hall,315 W Bertona St, ,8900000555,391,124424,1899/12/30 00:00:00+00,,AlexanderHall.png,alexander-hall-designation.pdf
1265433.30631973,230990.392147139,2465,Northwest Rooms and Int'l Fountain Pavilion,305 Harrison St, ,1985200003,393,124584,2013/08/07 00:00:00+00,,SeaCtrNWRooms.jpg,DesRptNorthwestRooms.pdf
1282841.10811822,244067.898144305,2466,Battelle Research / Talaris Conference Center,4000 NE 41st St, ,1525049010,394,0,2013/09/18 00:00:00+00,,Battelle Talaris.jpg,battelle-talaris-designation.pdf
1280027.98119855,221732.90902172,2467,Judge Ronald House,421 30th Ave S, ,9552200145,395,124502,2013/10/22 00:00:00+00,,JudgeRonaldHouse.png,judge-ronald-house-designation.pdf
1269042.0120288,230460.694715723,2468,901 Harrison St,901 Harrison St, ,1986200175,399,125022,1899/12/30 00:00:00+00,,901HarrisonSt.png,harrison-st-901-designation.pdf
1268529.61902472,230051.346124977,2469,777 Thomas St,777 Thomas St, ,1991201080,401,124501,1899/12/30 00:00:00+00,,ArtDecoBuilding.png,777-thomas-designation.pdf
1253504.77079363,207518.963368312,2470,Satterlee House,4862 Beach Drive SW,4866 Beach Drive SW,7936000245,402,111022,1983/02/22 00:00:00+00,,SatterleeHouse2DON.jpg,satterlee-house-designation-nomination.pdf
1253348.00010981,207523.651022971,2471,Satterlee House,4858 Beach Drive SW,4866 Beach Drive SW,7936000240,403,111022,1983/02/22 00:00:00+00,,SatterleeHouse2DON.jpg,satterlee-house-designation-nomination.pdf
1253289.14589681,207533.026004225,2472,Satterlee House,4854 Beach Drive SW,4866 Beach Drive SW,7936000235,404,111022,1983/02/22 00:00:00+00,,SatterleeHouse2DON.jpg,satterlee-house-designation-nomination.pdf
1269052.49691597,223806.688010648,2473,Fire Station No 5,925 Alaskan Way, ,7666202500,405,125021,1899/12/30 00:00:00+00,,FS_5.jpg,DesRptFireStation5.pdf
1265415.16823263,228122.91297397,2474,Ainsworth & Dunn Warehouse,2815 Elliott Ave, ,7666202305,406,125853,1899/12/30 00:00:00+00,,Ainsworth_Dunn.jpg,ainsworth-dunn-designation.pdf
1282564.87507489,234667.015699387,2475,McGilvra Elementary School,1617 38th Ave E,1617 38th Ave E,5318100820,409,124777,,,McGilvra School.jpg,mcgilvra-designation.pdf
1281278.38289723,250436.176090136,2476,The Theodora,6559 35th Ave NE,6559 35th Ave NE,0425049047,411,125105,1899/12/30 00:00:00+00,,TheTheodora.png,the-theodora-designation.pdf
1269680.62000355,224407.383659646,2477,Schoenfeld Building,1012 1st Ave,1012 First Ave,0939000530,412,124934,1899/12/30 00:00:00+00,,SchoenfeldBuilding.png,schoenfeld-building-designation.pdf
1274135.92900631,227786.562924892,2478,Kelly-Springfield Motor Truck Co Bldg,1525 11th Ave,1525 11th Ave,6003500420,413,0,1899/12/30 00:00:00+00,,KellySpringfieldMotorTruckingCo.png,DesRptKellySpringfield.pdf
1274142.10550314,227897.106010899,2479,White Motor Company Building,1021 E. Pine Street,1021 E. Pine Street,6003500395,414,,2014/12/17 00:00:00+00,,WhiteMotorCoBuilding.jpg,DesRptWhiteMotorCompany.pdf
1257260.29510672,254263.425981566,2480,Loyal Heights Elementary School,2501 NW 80th St,2501 NW 80th St,4443801580,416,0,1899/12/30 00:00:00+00,,Loyal_Heights_Elementary.jpg,DesRptLoyalHeights.pdf
1270150.0688678,229856.727419719,2481,Seattle Times Bldg - Printing Plant,1120 John Street,1120 John Street,1986200525,417,0,1899/12/30 00:00:00+00,,SeattleTimesBldg4DON.jpg,seattle-times-building-designation.pdf
1270154.40908222,229763.411661476,2482,Seattle Times Bldg - 1947 Office Addition,1120 John Street,1120 John Street,1986200525,418,0,1899/12/30 00:00:00+00,,SeattleTimesBldg4DON.jpg,seattle-times-building-designation.pdf
1276027.3543573,229621.566472724,2483,Anhalt Apartment Building,1600 E John St,1600 E John St,1806900395,419,124236,1899/12/30 00:00:00+00,,Anhalt_E_John.jpg,DesRptAnhalt1600EJohn.pdf
1264247.3188623,232497.599106476,2484,Ankeny Gowey House,912 2nd Ave W,912 2nd Ave W,3879900740,420,123625,1899/12/30 00:00:00+00,,ankeny_gowey_house.jpg,ankeny-gowey-designation.pdf
1266212.3149323,230012.479076728,2485,Horiuchi Mural,335 Thomas St,305 Harrison St,1985200003,421,123292,1899/12/30 00:00:00+00,,horiuchi_mural.jpg,horiuchi-mural-designation.pdf
1272009.1537323,225712.433542982,2486,Sorrento Hotel,900 Madison St,900 Madison St,1979200270,423,125853,1899/12/30 00:00:00+00,,Sorrento_Hotel.png,sorrento-hotel-designation.pdf
1269649.28673288,232668.33629781,2487,Lightship Relief/Swiftsure,860 Terry Ave N, , ,424,0,1899/12/30 00:00:00+00,,LightshipRelief2DON.jpg,lightship-relief-data-sheet.pdf
1274693.54632939,233135.47512731,2488,Volunteer Park Reservoir,1400 E Prospect St,1400 E Prospect St,2925049087,428,0,,,Volunteer_Park_Reservoir.jpg,DesRptVolunteerPark.pdf
1275201.35896206,232953.183825225,2489,Volunteer Park Water Tower,1400 E Prospect St,1400 E Prospect St,2925049087,429,0,,,Volunteer_Park_Water_tower.jpg,DesRptVolunteerPark.pdf
1274326.35907164,234078.183543727,2490,Volunteer Park Grounds,1400 E Prospect St,1400 E Prospect St,2925049087,430,0,,,Vol_Pk_grounds_NW.jpg,DesRptVolunteerPark.pdf 
1274318.54642323,233700.579312056,2491,Volunteer Park Grounds,1400 E Prospect St,1400 E Prospect St,2925049087,431,0,,,Vol_Pk_Grounds_NW.jpg,DesRptVolunteerPark.pdf
1274308.12977739,233328.183731392,2492,Volunteer Park Grounds,1400 E Prospect St,1400 E Prospect St,2925049087,432,0,,,Vol_Pk_Grounds.jpg ,DesRptVolunteerPark.pdf
1274284.6924883,232994.850408554,2493,Volunteer Park Grounds,1400 E Prospect St,1400 E Prospect St,2925049087,433,0,,,VoL_Pk_Grounds.jpg ,DesRptVolunteerPark.pdf
1274508.65070181,232854.22536172,2494,Volunteer Park Grounds,1400 E Prospect St,1400 E Prospect St,2925049087,434,0,,,VoL_Pk_Grounds.jpg  ,DesRptVolunteerPark.pdf
1275998.62508406,229448.874888971,2495,Capitol Hill United Methodist Church,128 16th Ave E,128 16th Ave E,8080400005,82,106144,1977/01/10 00:00:00+00,,CapHillMethDON.jpg,capitol-hill-united-nomination-data-sheet.pdf
1281883.5001253,229793.187520564,2496,Brehm Brothers House #1,219 36th Ave E,219 36th Ave E,1778500360,77,108734,1979/12/24 00:00:00+00,,BrehmHouse1DON.jpg,brehm-brothers-designation-nomination.pdf
1282036.87514664,228807.20327206,2497,Epiphany Chapel,3719 E Denny Way,3719 E Denny Way,9103000660,86,107756,1978/10/23 00:00:00+00,,EpiphanyChurch4DON.jpg,epiphany-chapel-designation-nomination.pdf
1267106.37515205,227637.234483391,2498,Barnes Building,2320 1st Ave,2320 1st Ave,0655000020,92,107754,1978/10/23 00:00:00+00,,Barnes1DON.jpg,barnes-building-designation-data-sheet.pdf
1267049.24993822,227690.156293556,2499,Bell Building,2326 1st Ave,2326 1st Ave,0657008888,91,107753,1978/10/23 00:00:00+00,,Bell3DON.jpg,bell-building-designation-data-sheet.pdf
1267737.74987355,228369.84391056,2500,Fire Station #2,2318 4th Ave,2318 4th Ave,0696000160,87,113089,1986/09/29 00:00:00+00,,Firestation2bDON.jpg,fire-station-2-designation.pdf
1268285.12509114,226559.593922138,2501,Terminal Sales Building,1932 1st Ave,1932 First Ave,1977200920,106,114774,1989/10/16 00:00:00+00,,TerminalSalesBldg3DON.jpg,terminal-sales-building-designation.pdf
1268686.6249443,226646.437580481,2502,Josephinum/New Washington Hotel,1902 2nd Ave,1902 2nd Ave,1977201060,107,114770,1989/10/16 00:00:00+00,,JosephinumHotel1DON.jpg,josephinum-designation.pdf
1269150.25000131,226674.90635556,2503,Bon Marche,300 Pine St,300 Pine St,1977201320,108,114772,1989/10/16 00:00:00+00,,BonMarche5DON.jpg,bonmarche-designation.pdf
1269411.37480713,226442.859247476,2504,Street Clock:  Century Square,1529 4th Ave,1529 4th Ave,1975700365,112,0,,,CenturySquareClock2DON.jpg,street-clock-designation-nomination.pdf
1269913.87511447,226501.484458312,2505,Coliseum Theatre Building,5th Ave / Pike St,5th Ave / Pike St,1975700155,110,107526,1978/01/17 00:00:00+00,,Coliseum2DON.jpg,coliseum-theater-designation-data-sheet.pdf
1269079.75014231,226277.60924989,2506,Olympic Tower,217 Pine St,217 Pine St,6385300005,114,113425,1987/05/11 00:00:00+00,,OlympicTower1DON.jpg,olympic-tower-designation.pdf
1269662.74996056,226338.54679206,2507,Northern Bank and Trust/Seaboard Building,1506 Westlake Ave,1506 Westlake Ave,7628758888,115,114769,1989/10/16 00:00:00+00,,SeaboardBldg2DON.jpg,DesRptSeaboardBldgNorthernBankandTrust.pdf
1269649.09841305,232654.723792225,2508,Street Clock:  Carroll's Jewelers,860 Terry Ave N,1427 4th Ave, ,119,0,,,CarrollsClock2DON.jpg,street-clock-designation-nomination.pdf
1269617.12505181,226067.312426388,2509,Joshua Green Building,1425 4th Ave,1425 4th Ave,1975700305,120,122778,2008/10/11 00:00:00+00,,JoshuaGreen2DON.jpg,joshua-green-building-designation.pdf
1269430.75009647,225703.656329557,2510,Mann Building,1411 3rd Ave,1411 3rd Ave,1975700525,128,115037,1990/04/16 00:00:00+00,,MannBldg3DON.jpg,mann-building-designation-nomination.pdf
1269906.75012872,225234.593619391,2511,Seattle Tower,1212 3rd Ave,1212 3rd Ave,1975200005,130,125836,,,SeattleTower3DON.jpg,DesRptSeattleTower.pdf
1269571.50014305,224217.49985306,2512,1st Avenue Groups/Waterfront Center:  Globe Building,1005 1st Ave,1001-1011 1st Ave,1974600035,144,111058,1983/03/21 00:00:00+00,,1st AveGroupDON.jpg,DesRptFirstAvenueGroups.pdf
1269541.74987447,224268.062415972,2513,1st Avenue Groups/Waterfront Center:  Beebe Building,1013 1st Ave,1013 1st Ave,0268800005,143,111058,1983/03/21 00:00:00+00,,1st AveGroupDON.jpg,DesRptFirstAvenueGroups.pdf
1269426.12510572,224174.515687063,2514,1st Avenue Groups/Waterfront Center:  National Building,1018 Western Ave,1006-1024 Western Ave,7666202515,145,111058,1983/03/21 00:00:00+00,,1st AveGroupDON.jpg,DesRptFirstAvenueGroups.pdf
1270886.75013722,227377.672010392,2515,Paramount Theatre and Building,901 Pine St,901 Pine St,0660000955,95,117507,1995/02/13 00:00:00+00,,Paramount3DON.jpg,paramount-theater-designation-data-sheet.pdf
1270659.74993506,226531.234398812,2516,Eagles Temple Building,1416 7th Ave,1416 7th Ave,2141298888,111,112272,1985/05/06 00:00:00+00,,EaglesTempleBldg2DON.jpg,eagles-act-theater-designation.pdf
1272105.87499556,224335.999944136,2517,Trinity Parish Episcopal Church,609 8th Ave,609 8th Ave,8590400490,141,106087,1976/12/20 00:00:00+00,,TrinityParishChurch5DON.jpg,trinity-parish-episcopal-church-data-sheet.pdf
1270830.49992163,224322.531139061,2518,Rainier Club,810 4th Ave,810 4th Ave,0942000510,147,113459,1987/06/01 00:00:00+00,,RainierClub3DON.jpg,rainier-club-designation.pdf
1270415.37509573,223669.4530489,2519,Street Clock:  Hong Kong/Shanghai Banking Co.,703 3rd Ave,703 3rd Ave, ,154,0,,,HongKongClockDON.jpg,street-clock-designation-nomination.pdf
1273316.87487014,227220.67199631,2520,Old Fire Station #25,1400 Harvard Ave,1400 Harvard Ave,2557258888,97,106054,1976/12/21 00:00:00+00,,Firestation25cDON.jpg,DesRptFireStation25.pdf
1273227.00004989,226886.515512392,2521,Seattle 1st Baptist Church,1121 Harvard Ave,1121 Harvard Ave,1978201185,105,110351,1981/12/28 00:00:00+00,,SeaFirstBaptist2DON.jpg,seattle-first-baptist-church-designation-nomination.pdf
1281613.50000913,225202.09368439,2522,Myron Ogden House,702 35th Ave,702 35th Ave,0345000135,127,107522,1978/07/17 00:00:00+00,,MyronOgdenHouse1DON.jpg,myron-ogden-designation.pdf
1275530.50003606,214180.562577888,2523,Beacon Hill 1st Baptist Church,1607 S Forest St,1607 S Forest St,3086003350,179,110349,1981/12/28 00:00:00+00,,BeaconHill1stBaptist2DON.jpg,beacon-hill-church-designation-nomination.pdf
1281638.47141589,217462.863427982,2524,Ellsworth Storey Historic Cottages ,1727 36th Ave S,1725-29 36th Ave S,1250204810,172,108733,1979/12/24 00:00:00+00,,EStoreyCottagesDON.jpg,DesRptellsworthstoreycottages.pdf
1281225.00636356,217662.802332565,2525,Ellsworth Storey Historic Cottage,1706 Lake Washington Blvd S,1706-1816 Lake Washington Blvd S, ,171,108733,1979/12/24 00:00:00+00,,EStoreyCottagesDON.jpg,DesRptEllsworthStoreycottages.pdf
1274715.25002614,221868.515705898,2526,Victorian Row Apartment Building,1236-38 S King St,1236-38 S King St,8170100165,163,108224,1979/05/14 00:00:00+00,,VictorianRow2DON.jpg,victorian-row-apartment-building-designation.pdf
1274169.25013389,219085.218779057,2527,Black Property,1319 12th Ave S,1319 12th Ave S,7660100005,168,110353,1981/12/28 00:00:00+00,,BlackpropertyDON.jpg,black-property-designation-nomination.pdf
1270770.00004263,223164.98424156,2528,L. C. Smith Building (Smith Tower),506 2nd Ave,506 2nd Ave,0939000060,156,113427,1987/05/11 00:00:00+00,,SmithTower1DON.jpg,DesRptSmithTower.pdf
1276269.63077565,245217.978849396,2529,"University Presbyterian Church ""Inn""",4555 - 16th Ave NE,4555 - 16th Ave NE,8823902210,183,112089,1984/12/24 00:00:00+00,,UniversityPresbyterian1DON.jpg,university-presbyterian-designation-nomination.pdf
1253401.12500356,207519.484364644,2530,Satterlee House,4866 Beach Drive SW,4866 Beach Drive SW,7936000231,182,111022,1983/02/22 00:00:00+00,,SatterleeHouse2DON.jpg,satterlee-house-designation-nomination.pdf
1256592.62485413,193850.99989064,2531,Fauntleroy Community Church and YMCA,9260 California Ave SW,9260 California Ave SW,3524039078,190,110348,1981/12/28 00:00:00+00,,Fauntleroy3DON.jpg,fauntleroy-church-ymca-designation-nomination.pdf
1286345.3750598,190367.484219894,2532,Kubota Gardens,9727 Renton Ave S,9727 Renton Ave S,7131300122,191,0,,,KubotaGarden1DON.jpg,kubota-gardens-designation-nomination.pdf
1270636.99998055,224293.109281898,2533,Leamington Hotel and Apts,317 Marion St,317 Marion St,0942000555,196,117398,1994/11/28 00:00:00+00,,LeamingtonHotel1DON.jpg,leamington-pacific-hotel-designation.pdf
1271480.24993446,231402.140667483,2534,Jensen Block,601-611 Eastlake Ave E,601-611 Eastlake Ave E,2925049097,197,118045,1996/03/11 00:00:00+00,,JensenBlock1DON.jpg,jensen-block-designation.pdf
1269975.12499197,229812.484397978,2535,Seattle Times Building,1120 John Street,1120 John Street,1986200525,198,118046,1996/03/11 00:00:00+00,,SeattleTimesBldg4DON.jpg,seattle-times-building-designation.pdf
1270072.37512556,230276.437538311,2536,Troy Laundry Building,311-329 Fairview Ave North,311-329 Fairview Ave North,1986200480,199,118047,1996/03/11 00:00:00+00,,TroyLaundryBldg2DON.jpg,troy-laundry-building-designation.pdf
1271817.24991664,227393.531230643,2537,Wintonia Hotel,1431 Minor Ave,1431 Minor Ave,8725600350,200,118048,1996/03/11 00:00:00+00,,WintoniaHotel3DON.jpg,wintonia-hotel-designation.pdf
1251055.12510239,214670.812581643,2538,Log House Museum Building,3003 61st Av SW,3003 61st Av SW,7621200070,202,118237,1996/08/12 00:00:00+00,,LogHouseMuseum2DON.jpg,log-house-museum-designation.pdf
1251039.00013463,215019.781371891,2539,Fir Lodge/ Alki Homestead Restaurant,2717 61st Av SW,2717 61st Av SW,7621200006,201,118235,1996/08/12 00:00:00+00,,FirLodgeAlki2DON.jpg,DesRpt_Fir_Lodge_Alke_Homestead.pdf
1270729.50012363,223500.890721977,2540,Lyon Building,607 Third Avenue,607 Third Avenue,0939000105,203,118236,1996/08/12 00:00:00+00,,LyonBldg2DON.jpg,lyon-building-nomination.pdf
1269734.24981755,226953.265706971,2541,Frederick and Nelson Bldg,500 Pine St,500-524 Pine St,0659000070,204,118716,1997/09/08 00:00:00+00,,FrederickNelson3DON.jpg,frederick-nelson-designation.pdf
1277915.87518655,223020.374950722,2542,Yesler Houses,103 23rd Av,"103,107,109 23rd Av",9827700065,205,118983,1998/04/27 00:00:00+00,,YeslerHouses1DON.jpg,DesRpt_Yesler_Houses.pdf
1271980.12491897,194568.375096306,2543,Concord Elementary School,723 S Concord St,723 S Concord St,7885100255,206,120918,2002/09/16 00:00:00+00,,concordelementary2Don.jpg,concord-elementary-designation.pdf
1284353.25010705,194908.843903556,2544,Dunlap Elementary School,8621 48th Av S,8621 48th Av S,2123700235,207,120917,2002/09/16 00:00:00+00,,DunlapElementary3DON.jpg,dunlap-elementary-designation.pdf
1270525.49987547,231773.968663976,2545,Ford Assembly Plant,1155 Valley St, ,1984200035,208,119114,1998/08/17 00:00:00+00,,FordAssemblyPlant4DON.jpg,ford-assembly-plant-designation.pdf
1266884.62493938,227143.593738392,2546,Seattle Empire Laundry Building,66 Bell St,66 Bell St,0699808888,209,119352,1999/01/19 00:00:00+00,,SeaEmpireLaundry1DON.jpg,DesRptSeattleEmpireLaundryBuilding.pdf
1266578.37489572,230024.343882397,2547,Space Needle,219 Fourth Av,219 4th Av,1985200495,211,119428,1999/04/19 00:00:00+00,,SpaceNeedle10DON.jpg,space-needle-designation.pdf
1288187.37498473,191026.468794316,2548,Emerson Elementary School,9709 60th Ave S,9709 60th Ave S,7129302300,212,120919,2002/09/16 00:00:00+00,,EmersonElementary2DON.jpg,emerson-elementary-designation.pdf
1281077.50009689,248479.453297555,2549,Bryant Elementary School,3311 NE 60th St,3311 NE 60th St,8827900180,213,120916,2002/09/16 00:00:00+00,,BryantElementary2DON.jpg,desrptbryantelementary.pdf
1267710.99992706,226830.999875396,2550,Guiry Hotel,2104 1st Ave,2101-2105-1/2 1st Ave,2953708888,113,113422,1987/05/11 00:00:00+00,,GuiryHotel5DON.jpg,guiry-hotel-designation.pdf
1271290.87498514,233320.531187639,2551,M.V. Thea Foss,1111 Fairview Av N,1111 Fairview Av N,4088802995,214,119418,1999/03/29 00:00:00+00,,TheaFoss2DON.jpg,mv-malibu-designation.pdf
1271203.25016038,233262.12513648,2552,M.V. Malibu,1111 Fairview Av N,1111 Fairview Av N,4088802995,215,119419,1999/03/29 00:00:00+00,,Malibu1DON.jpg,mv-malibu-designation.pdf
1273993.7501568,228875.765470892,2553,Lincoln Reservoir,1000 E PINE ST,1000 E PINE ST,6003500490,216,121042,2002/12/16 00:00:00+00,,LincolnPark3DON.jpg,lincoln-park-reservoir-designation.pdf
1270595.1250643,227521.890553981,2554,Camlin Hotel,1619 9th Av,1619 9th Av,0660000825,220,119470,1999/05/17 00:00:00+00,,Camlin1DON.jpg,camlin-hotel-designation.pdf
1270039.99986222,228439.734190732,2555,El Rio Apts,1922 9th Av,1922-1928 9th Av,0660001235,221,121218,2003/07/14 00:00:00+00,,ElRio3DON.jpg,el-rio-apartments-designation.pdf
1270318.49996139,239065.046929553,2556,Gas Works Park,1901 N Northlake Way,1901 N Northlake Way,1249700005,225,121043,2002/12/16 00:00:00+00,,Gasworks5DON.jpg,gas-works-park-designation.pdf
1262503.87517072,233527.140682563,2557,Parsons Memorial Garden,618 W Highland Dr,immediately west of 618 W Highland Dr,1732800560,50,109319,1980/09/02 00:00:00+00,,ParsonsMemGardenDON.jpg,parsons-memorial-garden-designation.pdf
1271012.24988621,229902.656133637,2558,New Richmond Laundry Building,224 Pontius Ave N,224 Pontius Ave N,6849700100,228,121216,2003/07/14 00:00:00+00,,NewRichmondLaundry1DON.jpg,new-richmond-laundry-designation.pdf
1262115.87496248,233973.765445471,2559,West Queen Anne Walls,8th Pl W / 7th Ave W,west side 8th Place W and 7th Ave W, ,49,106069,1976/12/13 00:00:00+00,,WQAWalls2DON.jpg,west-queen-anne-walls-nomination-data-sheet.pdf
1266158.5000793,227611.812618226,2560,Belltown Cottages,2512 Elliott Av,2512-2512a-2516 Elliott Av,0653000184,230,121220,2003/07/14 00:00:00+00,,BelltownCottages4DON.jpg,belltown-cottages-designation.pdf
1269814.74998464,230727.359536722,2561,Van Vorst Building,415 Boren Av N,413-421 Boren Av N,1983200270,231,121218,2003/07/14 00:00:00+00,,VanVorstBldg1DON.jpg,van-vorst-building-designation.pdf
1281417.75007255,250666.562440395,2562,North East Library,6801 35th Av NE,6801 35th Av NE,0425049101,232,121099,2003/03/24 00:00:00+00,,NELibrary2DON.jpg,north-east-library-designation.pdf
1253916.49995705,239323.578236639,2563,Magnolia Library,2801 34th Av W,2801 34th Av W,1377800250,235,121100,2003/03/24 00:00:00+00,,MagnoliaLibrary2DON.jpg, 
1268152.51315165,225211.911906227,2564,Pier 59,1415 Alaskan Way,1415 Alaskan Way,7666202422,236,123862,2003/10/26 00:00:00+00,,Pier59aDON.jpg,piers-waterfront-designation.pdf
1254639.99982239,257263.859285146,2565,Rosen House,9017 Loyal Av NW,9017 Loyal Av NW,4441300300,237,121215,2003/07/14 00:00:00+00,,RosenHouse1DON.jpg,rosen-house-designation.pdf
1279889.74984773,265916.25011681,2566,Lake City Library,12501 28th Av NE,12501 28th Av NE,3834500640,238,121105,2003/03/24 00:00:00+00,,LakeCityLibrary2DON.jpg,lake-city-library-designation.pdf
1262235.87505056,232746.078268304,2567,Kinnear Park,988 W Olympic Pl,988 W Olympic Pl,3879901870,239,0,,,KinnearPark1DON.jpg,kinnear-park-designation.pdf
1272585.75002006,252163.062400147,2568,Green Lake Library,7364 E Green Lake Wy N,7364 E Green Lake Wy N,9528100740,240,121106,2003/03/24 00:00:00+00,,GreenlakeLibrary2DON.jpg,greenlake-library-designation.pdf
1269409.12481163,227214.828175977,2569,McGraw Square/McGraw Place,5th Ave / Stewart St,"intersection of 5th  Ave, Westlake  Ave, and Stewart St",0659000381,99,112271,1985/05/06 00:00:00+00,,McGrawSquare1DON.jpg,mcgraw-square-designation-nomination.pdf
1274662.24980405,237772.781141385,2570,Lake Washington Bicycle Path,E Interlaken Blvd / Delmar Dr E,Interlaken Blvd. between Delmar Dr E & 24th Ave E,2025049999,34,0,,,LkWashBicyclePath1DON.jpg,lake-wa-bicycle-path-designation-nomination.pdf
1269740.35085522,232667.072848886,2571,Excursion Boat Virginia V,860 Terry Ave N,Salmon Bay Waterway, ,16,106278,1977/03/07 00:00:00+00,,VirginiaVBoat3DON.jpg,excursion-boat-data-sheet.pdf
1269689.54846339,232667.604015812,2572,"Fireboat Duwamish, Hiram Chittenden Locks",860 Terry Ave N,Hiram Chittenden Locks,1125039012,10,113428,1987/05/11 00:00:00+00,,Fireboat2DON.jpg,fire-boat-duwamish-designation.pdf
1274176.00012039,201532.756836817,2573,"Georgetown Steam Plant, SW of King Co.",XXXXX,Boeing Air Field,3466800065,185,111884,1984/09/10 00:00:00+00,,gtsteamplant2DON.jpg,georgetown-steam-plant-nomination.pdf
1280455.83336122,183757.650982887,2574,"Brill Trolley #798, Metro Trolley Barn",11911 E Marginal Way South,Metro Trolley Barn,7666203415,167,107621,1978/03/21 00:00:00+00,,Brill798DON.jpg,brill-trolley-designation-nomination.pdf
1266069.49992922,237146.327997983,2575,Queen Anne Boulevard,XXXXX,Certain Streets on Queen Anne Hill, ,39,0,,,QABoulevard2DON.jpg,queen-anne-blvd-designation-nomination.pdf
1282366.24981597,218550.828115553,2576,Lacey V Murrow Bridge & E Portals of the Mt Baker Tunnels,XXXXX,Lake Washington--Seattle to Mercer Island, ,170,108270,1979/06/11 00:00:00+00,,I-90Bridge5DON.jpg, 
1253939.37491131,247202.734394312,2577,Salmon Bay Bridge,XXXXX,RR lines over Lake Washington Ship Canal, ,9,109738,1981/03/02 00:00:00+00,,SalmonBayBridge1DON.jpg,salmon-bay-bridge-designation-nomination.pdf
1276152.62510414,249032.890510887,2578,Cowan Park Bridge,15th Ave NE / Cowen Pl NE,15th Ave NE through Ravenna Park, ,7,110344,1981/12/28 00:00:00+00,,PLCowenParkBrDON.jpg, 
1277488.6250568,248477.702972978,2579,20th Ave NE Bridge,NE 62nd St / 20th Ave NE,through Ravenna Park, ,8,106143,1977/01/17 00:00:00+00,,20thAveNEBridge4DON.jpg, 
1269783.85536139,232666.251000136,2580,Tugboat Arthur Foss,860 Terry Ave N,Salmon Bay Waterway,7442001550,22,106276,1977/03/07 00:00:00+00,,TugboatArthurFoss1DON.jpg,tugboat-arthur-foss-data-sheet.pdf
1277777.37480739,239553.34385322,2581,Montlake Bridge and Montlake Cut,24th Ave E / E Montlake Pl E,24th Ave E & Montlake Blvd & Lake Washington Ship Canal, ,30,107995,1979/12/13 00:00:00+00,,MontlakeBridge5DON.jpg,montlake-bridge-cut-designation-data-sheet.pdf
1279602.75009364,236724.968932554,2582,Arboretum Aqueduct,Lake Washington Blvd,Lake Washington Blvd, ,40,106070,1976/12/21 00:00:00+00,,AborAqua1DON.jpg,arboretum-aqudeuct-nomination-data-sheet.pdf
1267020.49999572,229246.593797475,2583,"Seattle, Chief of Suquamish Statue, Tillicum Place",5th Ave / Denny Way,"at intersection of 5th Ave, Denny Way, and Cedar St", ,79,112273,1985/05/06 00:00:00+00,,ChiefSeattle4DON.jpg,chief-statue-tillicum-place-designation-nomination.pdf
1272028.12515105,233742.234412476,2584,Lake Union Steam Plant,1179 Eastlake Ave E,1179 Eastlake Ave E,4088802925,59,117251,1994/08/01 00:00:00+00,,LUSteamplant4DON.jpg,lake-union-power-plant-nomination.pdf
1271983.62491198,230873.67190814,2585,E Republican St Stairway,E Republican St / Bellevue Ave E,between Melrose Ave E / Bellevue Ave E, ,72,109320,1980/09/02 00:00:00+00,,ERepublicanStStair3DON.jpg,east-republican-stairway-designation-nomination.pdf
1269725.3748353,226208.156304806,2586,Street Clock:  Ben Bridge Jewelers,409 Pike St,409 Pike St, ,116,0,,,BenBridgeClock2DON.jpg,street-clock-designation-nomination.pdf
1269587.62511081,225145.984216556,2587,Brooklyn Building,1222 2nd Ave,1222 2nd Ave,1974700120,131,113088,1986/09/29 00:00:00+00,,Brooklyn3DON.jpg,brooklyn-building-designation.pdf
1281944.65715522,206921.435363889,2588,Street Clock:  Myers Music,4873 Rainier Ave S,1206 1st Ave,1974700210,133,0,,,null.png,street-clock-designation-nomination.pdf
1269375.87520622,224601.265489727,2589,1st Avenue Groups/Waterfront Center:  Grand Pacific Hotel,1116 1st Ave,1115-1117 1st Ave,1697508888,135,111058,1983/03/21 00:00:00+00,,1st AveGroupDON.jpg,DesRptFirstAvenueGroups.pdf
1269407.25014347,224442.265807733,2590,1st Avenue Groups/Waterfront Center:  Colman Building,95 Spring St,94-96 Spring St,9197208888,137,111058,1983/03/21 00:00:00+00,,1st AveGroupDON.jpg,DesRptFirstAvenueGroups.pdf
1269428.25010148,224506.531099141,2591,1st Avenue Groups/Waterfront Center:  Colonial Hotel,1117 1st Ave,1110-1123 1st Ave,9197208888,136,111058,1983/03/21 00:00:00+00,,1st AveGroupDON.jpg,DesRptFirstAvenueGroups.pdf
1269507.74994247,224362.515639141,2592,1st Avenue Groups/Waterfront Center:  Hotel  Cecil,1021 1st Ave,1019-1023 1st Ave,1974600025,142,111058,1983/03/21 00:00:00+00,,1st AveGroupDON.jpg,DesRptFirstAvenueGroups.pdf
1272270.12499514,225195.499865562,2593,"St James Cathedral, Rectory / Site",9th Ave / Marion St,9th Ave / Marion St,8590900085,132,111579,1984/03/12 00:00:00+00,,StJamesCathedral3DON.jpg,st-james-cathedral-designation-nomination.pdf
1252911.1249993,214511.124908894,2594,Schmitz Park Bridge,SW Admiral Way / SW Stevens St,Admiral Way over Schmitz Park Ravine, ,195,110346,1981/12/28 00:00:00+00,,SchmitzParkBridge3DON.jpg, 
1257463.50008088,214840.062571228,2595,Hiawatha Playfield,2700 California Ave SW,2700 California Ave SW,1124039001,175,113090,1986/09/29 00:00:00+00,,Hiawatha4DON.jpg,hiawatha-playfield-designation.pdf
1257553.37490113,214285.312368393,2596,West Seattle High School,4075 SW Stevens St,4075 SW Stevens St,9277200385,176,0,,,WestSeattleHS1DON.jpg,west-seattle-high-school-designation-nomination.pdf
1265515.62505272,211629.875093982,2597,Duwamish Railroad Bridge,Klickitat Ave SW / SW Spokane St,RR lines south of Spokane St Bridge over Duwamish Waterway, ,181,0,,,DuwamRRBridge1DON.jpg,duwamish-rr-bridge-designation-nomination.pdf
1264013.75010373,237041.422039807,2598,Queen Anne Boulevard,XXXXX,Certain Streets on Queen Anne Hill,         0,38,0,,,QABoulevard2DON.jpg,queen-anne-blvd-designation-nomination.pdf
1254492.87511663,252118.609405056,2599,Norvell House,3306 NW 71st St,3306 NW 71st St,8081900175,3,108210,1979/05/14 00:00:00+00,,NorvellRes1DON.jpg,norvell-house-designation.pdf
1265273.7498803,255537.937540144,2600,Street Clock:  Greenwood Jewelers,129 N 85th St,129 N 85th St,2919201281,1,0,,,GreenwoodClockDON.jpg,street-clock-designation-nomination.pdf
1280502.6249343,252275.421755478,2601,Nathan Eckstein Junior High School,3003 NE 75th St,3003 NE 75th St,0425049022,4,0,,,NathanEcksteinJHS1DON.jpg, 
1258324.9999983,250329.187458977,2602,Drake House,6414 22nd Ave NW,6414 22nd Ave NW,2767600235,5,111025,1983/02/22 00:00:00+00,,DrakeHouse2DON.jpg,drake-house-designation-nomination.pdf
1258985.49998964,249541.859309226,2603,New Age Christian Church,1763 NW 62nd St,1763 NW 62nd St,2767602265,6,110352,1981/12/28 00:00:00+00,,NewAgeChurch2DON.jpg,new-age-christian-designation-nomination.pdf
1258586.62513122,247625.531120896,2604,Old Fire Station #18,5427 Russell Ave NW,5427 Russell Ave NW,2767703525,11,106052,1976/12/13 00:00:00+00,,Firestation18dDON.jpg, 
1258878.3748758,247283.515728816,2605,Louisa Building,5220 20th Ave NW,5220 20th Ave NW,2767703400,12,113424,1987/05/11 00:00:00+00,,LouisaBldg4DON.jpg,louisa-building-designation-nomination.pdf
1275695.12503488,246348.031051233,2606,University Heights Elementary School,5031 University Way NE,5031 University Way NE,8816400900,14,125216,,,UnivHeightsElementary2DON.jpg,university-heights-elementary-school-designation.pdf
1266852.62500338,242530.874971643,2607,B.F. Day School,3921 Linden Ave N,3921 Linden Ave N,1931301145,23,0,,,BFDaySchool3DON.jpg,bf-day-school-designation-nomination.pdf
1266578.87489472,240877.124998316,2608,Fremont Hotel,3425 Fremont Ave N,3421-3429 Fremont Ave N,1972203160,25,107993,1979/02/13 00:00:00+00,,FremontBldg1DON.jpg,fremont-hotel-designation-nomination-data-sheet.pdf
1266653.12507431,239924.34376739,2609,Fremont Bridge,Fremont Ave N / N 34th St,Fremont Ave N over Lake Washington Ship Canal, ,27,110347,1981/12/28 00:00:00+00,,FremontBr3DON.jpg,fremont-bridge-nomination.pdf
1267266.75015938,239690.593578726,2610,"George Washington Memorial ""Aurora"" Bridge",Aurora Ave N / N 34th St,Aurora Ave N over Lake Washington Ship Canal, ,28,110345,1981/12/28 00:00:00+00,,AuroraBR2DON.jpg,george-wa-memorial-bridge-designation-nomination.pdf
1269716.3748533,244769.3124239,2611,Wallingford Police Station / Fire Station #11,1629 N 45th St,1629 N 45th St,0480000005,17,111888,1984/09/10 00:00:00+00,,WallingfordFirePolice3DON.jpg,DesRpt_Wallingford_Police.pdf 
1270251.12509614,244653.874990731,2612,Wallingford Center/Interlake,4416 Wallingford Ave N,4416 Wallingford Ave N,4083300140,18,0,,,WallingfordCenter2DON.jpg,wallingford-center-intake-school-designation-nomination.pdf
1271160.24991831,245779.515455976,2613,Good Shepherd Center,4647 Sunnyside Ave N,4647 Sunnyside Ave N,0825049008,15,111882,1984/09/10 00:00:00+00,,GoodShepard3DON.jpg,good-shepherd-center-designation-nomination.pdf
1273063.37504905,243208.937591895,2614,Latona School,401 NE 42nd St,401 NE 42nd St,4206901020,21,0,,,latona3DON.jpg, 
1275518.96298563,243518.265057221,2615,University Methodist Episcopal Church and Parsonage,4142 Brooklyn Ave NE,4142 Brooklyn Ave NE,1142001500,19,110350,1981/12/28 00:00:00+00,,UniversityMethodist4DON.jpg, 
1264887.12499739,235442.09387365,2616,Bethany Presbyterian Church,1818 Queen Anne Ave N,1818 Queen Anne Ave N,4232901075,43,112801,1986/04/21 00:00:00+00,,BethanyChurch2DON.jpg,bethany-presbyterian-designation-nomination.pdf
1281060.4998028,244760.031274483,2617,Street Clock:  Benton's Jewelers,3216 NE 45th St,3216 NE 45th St,2436200896,20,0,,,BentonsClockDON.jpg,street-clock-designation-nomination.pdf
1266026.12501597,237974.70330973,2618,N Queen Anne Dr Bridge,Queen Anne Dr / Warren Ave N,over Wolf Creek Canyon, ,35,110343,1981/12/28 00:00:00+00,,NQADrBridge1DON.jpg, 
1266797.25011414,236372.265569732,2619,Hay School,2100 4th Ave N,2100 4th Ave N,1689400145,42,0,,,HaySchool1DON.jpg,hay-school-nomination.pdf
1272914.50001872,238431.187632978,2620,Nelson/Steinbrueck House,2622 Franklin Ave E,2622 Franklin Ave E,1959700205,32,111023,1983/02/22 00:00:00+00,,NelsonSteinbrueckHouse2DON.jpg,nelson-steinbrueck-designation-nomination.pdf
1272962.74992222,237993.484440148,2621,Seward School,2515 Boylston Ave E,2515 Boylston Ave E,1959700005,33,0,,,SewardSchool1DON.jpg,seward-school-nomination.pdf
1273545.50006905,238725.156205148,2622,Harvard Mansion,2706 Harvard Ave E,2706 Harvard Ave E,1959700875,31,116053,1992/01/27 00:00:00+00,,HarvardMansion1DON.jpg,harvard-mansion-designation.pdf
1273729.75002864,234498.515708312,2623,P.P. Ferry House/Old Deanery of St Mark's Cathedral,1531 10th Ave E,1531 10th Ave E,2025049119,55,108213,1979/05/14 00:00:00+00,,PPFerryHouse1DON.jpg,pp-ferry-designation-nomination.pdf
1273746.49999514,234285.296974644,2624,St Nicholas/Lakeside School,1501 10th Ave E,1501 10th Ave E,2025049052,56,111881,1984/09/10 00:00:00+00,,StNicholasSchool2DON.jpg,st-nicholas-lakeside-school-designation-nomination.pdf
1263083.12499647,234246.203220814,2625,West Queen Anne Elementary School,515 W Galer St,515 W Galer St,9270158888,47,106146,1977/01/17 00:00:00+00,,WestQAElementary2DON.jpg,west-queen-anne-elementary-school-data-sheet.pdf
1262694.49978948,233652.00001289,2626,Stuart/Balcom House,619 W Comstock St,619 W Comstock St,1732800660,193,111886,1984/09/10 00:00:00+00,,StuartBalcom2DON.jpg,stuart-balcom-house-designation-nomination.pdf
1262781.87494281,233888.015616983,2627,C. H. Black House / Gardens,615 W Lee St,615 W Lee St,1732801125,48,115036,1990/04/16 00:00:00+00,,CHBlackHouse2DON.jpg,ch-black-house-designation-nomination.pdf
1262676.49982548,233543.687565476,2628,Parsons House,618 W Highland Dr,618 W Highland Dr,1732800630,51,109317,1980/09/02 00:00:00+00,,ParsonsHouse2DON.jpg,parsons-house-designation-nomination.pdf
1262599.37497972,232816.046960399,2629,Chelsea Apartment Building,620 W Olympic Pl,620 W Olympic Pl,3879901915,53,107755,1978/10/23 00:00:00+00,,ChelseaApts2DON.jpg,chelsea-apartment-designation.pdf
1262255.12501206,233066.687535226,2630,Bowen/Huston Bungalow,715 W Prospect St,715 W Prospect St,3879901965,52,111887,1984/09/10 00:00:00+00,,BowenBungalow3DON.jpg,bowen-huston-bungalow-designation-nomination.pdf
1262985.37486389,233495.171914473,2631,McFee/Klockzien House,524 W Highland Dr,524 W Highland Dr,1732800710,194,109318,1980/09/02 00:00:00+00,,McFeeKlockzien1DON.jpg,mcfee-klockzien-house-designation-nomination.pdf
1264247.62496406,232262.296755552,2632,Del a Mar Apartment Building,115 W Olympic Pl,115 W Olympic Pl,3879900670,62,107752,1978/10/23 00:00:00+00,,DelaMarApts2DON.jpg,delamar-apartment-designation-data-sheet.pdf
1268368.99992339,230678.593886226,2633,Street Clock:  West Earth Co.,406 Dexter Ave N,406 Dexter Ave N,1988201380,71,0,,,WestearthClockDON.jpg,street-clock-designation-nomination.pdf
1272599.8749918,232669.453093469,2634,Bystrom House,1022 Summit Ave E,1022 Summit Ave E,2163901670,64,108214,1979/05/14 00:00:00+00,,Bower1DON.jpg,bower-bystrom-designation-nomination.pdf
1272710.50009863,229236.32806997,2635,Ward House,520 E Denny Way,520 E Denny Way,6848200656,81,106067,1976/12/13 00:00:00+00,,WardHouse3DON.jpg,ward-house-data-sheet.pdf
1273964.7502148,231706.296883315,2636,Anhalt Apartment Building,1014 E Roy St,1014 E Roy St,8579108888,68,108227,1979/05/14 00:00:00+00,,Anhalt1aDON.jpg,anhalt-apartment-roy-designation.pdf
1274037.50006931,231578.109475642,2637,Anhalt Apartment Building,1005 E Roy St,1005 E Roy St,2663000620,69,108731,1979/12/24 00:00:00+00,,Anhalt2aDON.jpg,anhalt-apartment-roy-designation.pdf
1276855.37501097,233973.796941474,2638,Stevens School,1242 18th Ave E,1242 18th Ave E,1337801270,57,0,,,StevensSchool1DON.jpg,stevens-school-designation-nomination.pdf
1276798.62512447,231994.234299555,2639,St Joseph's Church,732 18th Ave E,732 18th Ave E,1336800825,67,0,,,StJosephChurch2DON.jpg,st-josephs-church-designation-nomination.pdf
1267650.50004806,226894.98432748,2640,Schillestad Building,2111 1st Ave,2111 1st Ave,1977200535,101,113460,1987/06/01 00:00:00+00,,SchillestadBldg2DON.jpg,schillestad-building-designation-nomination.pdf
1268538.12491322,226785.859545723,2641,Moore Theatre and Hotel Building,1932 2nd Ave,1932 2nd Ave,1977201035,102,114773,1989/10/16 00:00:00+00,,MooreTheatre4DON.jpg,moore-theater-designation-data-sheet.pdf
1269914.62511297,226805.796841815,2642,Shafer Building/6th and Pine Building,515 Pine St,515 Pine St,1975700120,103,113430,1987/05/11 00:00:00+00,,ShaferBldg1DON.jpg,shafer-building-designation-nomination.pdf
1269973.49999522,226706.17171298,2643,Decatur Building,1521 6th Ave,1521 6th Ave,1975700125,104,112275,1985/05/06 00:00:00+00,,Decatur2DON.jpg,decatur-building-designation-nomination.pdf
1266464.12512422,228231.546943054,2644,New Pacific Apartment Building,2602 1st Ave,2600-04 1st Ave,0654000085,88,108517,1979/07/17 00:00:00+00,,NewPacificApts4DON.jpg,new-pacific-apartment-designation-data-sheet.pdf
1266780.12514839,227665.234427392,2645,Hull Building,2403 1st Ave,2401-05 1st Ave,0653000120,90,108518,1979/07/17 00:00:00+00,,HullBldg3DON.jpg,hull-building-designation.pdf
1269759.75009464,226152.140668809,2646,Liggett/4th and Pike Building,1424 4th Ave,1424 4th Ave,1975700235,118,113426,1987/05/11 00:00:00+00,,Liggett4DON.jpg,liggett-fourth-pike-designation.pdf
1268790.87506388,226138.749947563,2647,J.S. Graham Store/Doyle Building,119 Pine St,119 Pine St,1975700605,117,113987,1988/05/31 00:00:00+00,,GrahamDoyle1DON.jpg,DesRptJSGrahamStore-DoyleBldg.pdf
1269880.75018072,225951.796909392,2648,Great Northern Building,1404 4th Ave,1404 4th Ave,1975700290,121,114768,1989/10/16 00:00:00+00,,GreatNorthern2DON.jpg,DesRpt_Great_Northern.pdf
1269682.49992105,225893.73436147,2649,1411 4th Ave Building,1411 4th Ave,1411 4th Ave,1975700345,122,114771,1989/10/16 00:00:00+00,,14114th2DON.jpg,fourth-ave-411-designation.pdf
1268778.37508889,225292.874998897,2650,84 Union Building/U.S. Immigration Building,84 Union St,84 Union St,1976200160,129,113990,1988/05/31 00:00:00+00,,USImmigrationBldg1DON.jpg,us-immigration-building-designation.pdf
1268943.00008772,224606.812394649,2651,Olympic Warehouse and Cold Storage Building,1205 Western Ave,1203-7 Western Ave,7666202480,134,113429,1987/05/11 00:00:00+00,,OlympicWarehouse1DON.jpg,olympic-warehouse-designation.pdf
1269642.6250008,224448.468879312,2652,Holyoke Building,107 Spring St,107 Spring St,0939000515,138,107521,1978/07/17 00:00:00+00,,HolyokeBldg3DON.jpg,holyoke-building-designation.pdf
1270013.74991472,223955.281217396,2653,Exchange Building,821 2nd Ave,821 2nd Ave,0939000335,148,115038,1990/04/16 00:00:00+00,,Exchange1DON.jpg,exchange-building-nomination.pdf
1270096.00007831,223935.531256899,2654,Puget Sound Bank (Bank of California),815 2nd Ave,815 2nd Ave,0939000345,149,113602,1987/09/08 00:00:00+00,,BankofCABldg2DON.jpg,bank-of-california-designation.pdf
1269810.49999315,223776.359331146,2655,Colman Building,810 1st Ave,801-821 1st Ave,8591400005,152,114993,1990/03/19 00:00:00+00,,Colman3DON.jpg,colman-building-designation.pdf
1274963.0001868,228565.609267056,2656,St Nicholas Russian Orthodox Cathedral,1714 13th Ave,1714 13th Ave,6003000910,89,106098,1976/12/20 00:00:00+00,,StNicholasCathedral2DON.jpg,st-nicholas-cathedral-nomination-data-sheet.pdf
1275276.75021547,227818.577952728,2657,1st African Methodist Episcopal Church,1522 14th Ave,1522 14th Ave,0222000010,94,111928,1984/09/24 00:00:00+00,,FirstAfricanChurch6DON.jpg,first-african-methodist-designation-nomination.pdf
1272302.37493064,227321.812542066,2658,Summit School/Northwest School,1415 Summit Ave,1415 Summit Ave,8804901000,96,114994,1990/03/19 00:00:00+00,,SummitNWSchool1DON.jpg,DesRpt_Summit_School.pdf 
1272445.62497222,226685.531334311,2659,Stimson/Green House,1204 Minor Ave,1204 Minor Ave,1978200805,109,106068,1977/12/21 00:00:00+00,,StimsonGreenMansion2DON.jpg,stimson-green-house-nomination-data-sheet.pdf
1270530.24986598,224485.98422423,2660,YMCA Central Branch:  South Building,909 4th Ave,909 4th Ave,0942000350,139,116056,1992/01/27 00:00:00+00,,YMCACentral2DON.jpg,ymca-building-designation.pdf
1272359.00014547,224570.203215897,2661,U.S. Assay Office/German House,613 9th Ave,613 9th Ave,8590400796,140,111712,1984/05/29 00:00:00+00,,GermanHouse2DON.jpg,us-assay-german-house-designation.pdf
1270740.25010213,223855.437585056,2662,Arctic Building,306 Cherry St,306 Cherry St,0942000610,150,116969,1993/12/13 00:00:00+00,,Arctic2DON.jpg,arctic-building-designation.pdf
1270531.49986348,223767.375097141,2663,Dexter Horton Building,710 2nd Ave,710 2nd Ave,0939000260,153,116970,1993/12/13 00:00:00+00,,DexterHortonBldg4DON.jpg,dexter-horton-nomination.pdf
1276555.49995455,225949.531165898,2664,Immaculate Conception Church,820 18th Ave,820 18th Ave,2254502165,123,106142,1977/01/10 00:00:00+00,,ImacConcepChurch1DON.jpg,immaculate-conception-nomination-data-sheet.pdf
1278035.0747513,225830.598989055,2665,Twenty-third Ave Houses Group,818 23rd Ave,812-828 23rd Ave,9126102040,124,108732,1979/12/24 00:00:00+00,,23rdAveHouses2DON.jpg,twenty-third-avenue-houses-designation-nomination.pdf
1268698.8749198,226049.109378815,2666,Colonnade Hotel/Gatewood Apartments,107 Pine St,107 Pine St,1975700600,468,125673,2017/06/20 00:00:00+00,,Colonnade.jpg ,DesRptColonnade_Hotel.pdf
1267882.6462373,228227.18901214,2667,Franklin Apartments,2302 4th Ave,2302 4th Ave,0696000140,452,0,1899/12/30 00:00:00+00,,Franklin_Apts.png ,DesRptFranklin Apartments.pdf
1270397.75997347,268327.266948313,2668,Ingraham High School,1819 N 135th St,1819 N 135th St,1926049321,480,126631,1899/12/30 00:00:00+00,,Ingraham_hs.jpg,DesRptIngrahamHighSchool.pdf
1273118.24993931,223832.84379822,2669,Old Fire Station #3,301 Terry Ave,301 Terry Ave,8590900220,151,106051,1976/12/21 00:00:00+00,,Firestation3DON.jpg,DesRptFireStation3.pdf
1276457.27278881,243285.951873556,2670,UW Parrington Hall,4105 Memorial Way NE,4105 Memorial Dr NE,1625049001,489,125838,1899/12/30 00:00:00+00,,UW_Parrington_Hall.jpg ,DesRptUW_Parrington_Hall.pdf
1263354.00011089,234932.265825063,2671,Queen Anne Library,400 W Garfield St,400 W Garfield St,4232902230,245,121101,2003/03/24 00:00:00+00,,QALibrary2DON.jpg,DesRptQueenAnneLibrary.pdf
1265211.73786522,236452.312981814,2672,Frances Skinner Edris Nurses Home,2120 1st Ave N,,,496,125744,,,EdrisNursesHome.jpg,DesRptEdris_Nurses_Home.pdf
1274033.23859489,244040.01893498,2673,Anhalt Hall,711 NE 43rd Street,,,497,125674,,,anhalt_hall.jpg,DesRptAnhalt_Hall.pdf
1273093.85300647,227218.85080573,2674,Knights of Columbus,700-722 East Union Street,,,498,,,,Knights_Columbus.jpg,DesRptKnightsColumbus.pdf
1281198.73279406,217627.223663554,2675,Ellsworth Storey Historic Cottage,1708 Lake Washington Blvd S,,,586,108733,,,EStoreyCottagesDON.jpg,DesRptellsworthstoreycottages.pdf
1279169.05739146,199708.601364389,2676,Van Asselt School,7201 Beacon Avenue South,,,506,126619,2019/03/20 00:00:00+00,,Van_Asselt_School.png,DesRptVan_Asselt_School.pdf
1278391.83256797,222399.34764947,2677,Most Worshipful Prince Hall Grand Lodge,306 24th Ave S,,,516,,,,,
1263537.40689631,235008.736472636,2678,Sunset Telephone & Telegraph/Queen Anne Masonic Temple,1608 4th Avenue W,,,526,126051,,,SunsetTelephone.jpg,DesRptSunsetTelephone.pdf
1268973.10895139,225596.127017066,2679,The Showbox,1426 1st Avenue,,,536,,,,Showbox.jpg,DesRptShowbox.pdf
1281264.53942098,217626.434623137,2680,Ellsworth Storey Historic Cottage,1710 Lake Washington Blvd S,,,587,108733,,,EStoreyCottagesDON.jpg,DesRptEllsworthStoreyCottages.pdf
1281479.53242931,217466.841766477,2681,Ellsworth Storey Historic Cottage,1800 Lake Washington Blvd S,,,588,108733,,,EStoreyCottagesDON.jpg,DesRptellsworthstoreycottages.pdf
1269612.0305738,258571.44164373,2682,liq'ted (Licton) Springs Park,9536 Ashworth Avenue N,,,556,,,,Licton_springs.jpg,DesRptliqtedsprings.pdf
1273858.22221264,204349.506780729,2683,Rainier Cold Storage/Ice/Seattle Brewing/Malting Co. Bldg,5622-6010 Airport Way S,6000-6004 Airport Way S,0001800023,566,116973,1993/12/13 00:00:00+00,,RainierColdStorage6DON.jpg,DesRptRainierColdStorageSeattleBrewing.pdf
1274075.23621431,204023.11799781,2684,Rainier Cold Storage/Ice/Seattle Brewing/Malting Co. Bldg,5622-6010 Airport Way S,6000-6004 Airport Way S,0001800023,567,116973,1993/12/13 00:00:00+00,,RainierColdStorage6DON.jpg,DesRptRainierColdStorageSeattleBrewing.pdf
1274205.4446153,203818.256858975,2685,Rainier Cold Storage/Ice/Seattle Brewing/Malting Co. Bldg,5622-6010 Airport Way S,6000-6004 Airport Way S,0001800023,568,116973,1993/12/13 00:00:00+00,,RainierColdStorage6DON.jpg,DesRptRainierColdStorageSeattleBrewing.pdf
1274280.09735315,203785.270704478,2686,Rainier Cold Storage/Ice/Seattle Brewing/Malting Co. Bldg,5622-6010 Airport Way S,6000-6004 Airport Way S,0001800023,569,116973,1993/12/13 00:00:00+00,,RainierColdStorage6DON.jpg,DesRptRainierColdStorageSeattleBrewing.pdf
1274358.22219689,203755.756983981,2687,Rainier Cold Storage/Ice/Seattle Brewing/Malting Co. Bldg,5622-6010 Airport Way S,6000-6004 Airport Way S,0001800023,570,116973,1993/12/13 00:00:00+00,,RainierColdStorage6DON.jpg,DesRptRainierColdStorageSeattleBrewing.pdf
1277812.85964456,241876.183039561,2688,UW Eagleson Hall,1417 NE 42nd Street,,,626,126050,,,UW_Eagleson.jpg,DesRptUWEaglesonHall.pdf
1281500.37097031,217465.825364307,2689,Ellsworth Storey Historic Cottage,1804 Lake Washington Blvd S,,,589,108733,,,EStoreyCottagesDON.jpg,DesRptellsworthstoreycottages.pdf
1281535.94931123,217465.825364307,2690,Ellsworth Storey Historic Cottage,1808 Lake Washington Blvd S,,,590,108733,,,EStoreyCottagesDON.jpg,DesRptellsworthstoreycottages.pdf
1281563.90332356,217465.825364307,2691,Ellsworth Storey Historic Cottage,1810 Lake Washington Blvd S,,,591,108733,,,EStoreyCottagesDON.jpg,DesRptellsworthstoreycottages.pdf
1281597.95673314,217464.30043298,2692,Ellsworth Storey Historic Cottage,1814 Lake Washington Blvd S,,,592,108733,,,EStoreyCottagesDON.jpg,DesRptellsworthstoreycottages.pdf
1281620.31987739,217464.808634058,2693,Ellsworth Storey Historic Cottage,1816 Lake Washington Blvd S,,,593,108733,,,EStoreyCottagesDON.jpg,DesRptellsworthstoreycottages.pdf
1281691.98443222,217466.333565399,2694,Ellsworth Storey Historic Cottage,1725 36th Ave S,,,594,108733,,,EStoreyCottagesDON.jpg,DesRptellsworthstoreycottages.pdf
1281692.56678014,217430.172876567,2695,Ellsworth Storey Historic Cottage,1729 36th Ave S,,,595,108733,,,EStoreyCottagesDON.jpg,DesRptellsworthstoreycottages.pdf
1272460.49436505,198893.925828397,2696,Georgetown Steam Plant Pump Station (on Duwamish),7551 8th  Avenue South,,,596,,,,Georgetown_Steam_Plant.jpg,DesRptGeorgetownSteampump.pdf
1275364.67917347,243938.331802398,2697,Canterbury Court,4225 Brooklyn Avenue NE,,,606,126145,,,CanterburyCourt.jpg,DesRptCanterburyCourt.pdf
1277828.94163339,241837.546633899,2698,UW Engineering Annex / AYPE Foundry,3900 E. Stevens Way NE,,,627,126153,,,UW_annex.jpg,DesRptUWEngAnnexAYPEFoundry.pdf
1273507.6172708,229185.010587305,2699,Avon Apartments / Capitol Crest Apartments,1831-35 Broadway Avenue,,,628,,,,AvonApt.jpg,DesRptAvonApts
1275245.33000273,243608.164483726,2700,Nickel Apartments / Villa Camini,1205 NE 42nd Street,,,629,126171,,,Villa_Camini.png,DesRptVillaCamini.pdf
1274267.55046222,227459.276177898,2701,1101 E. Pike Street,1101 E. Pike Street,,,630,,,,1101_Pike.jpg,DesRpt_1101EPike.pdf
1268428.15761347,235806.855283231,2702,Swedish Club,1920 Dexter Avenue N.,,,632,126303,,,Swedish_Club.png,DesRpt_Swedish_Club.pdf
1275259.66626014,231995.920319811,2703,Bordeaux House,806 14th Avenue E,,,636,126381,,,Bordeaux_House.jpg,DesRpt_Bordeaux.pdf
1268883.18360631,225714.101518646,2704,Hotel Elliott / Hahn Building,103 Pike Street,,,637,,,,Hahn.jpg,DesRpt_Hahn.pdf
1273935.44515531,234290.245455563,2705,The Fairfax,1508 10th Avenue E,,,688,,,,Fairfax.jpg,DesRpt_Fairfax.pdf
1272178.69965306,222371.495999143,2706,Panama Hotel and Hashidate Yu Bathhouse,605 South Main St,,,728,,,,Panama_hotel.jpg,DesRpt_Panama.pdf
1277991.7047593,242634.118859649,2707, UW Faculty Club,4020 E. Stevens Way NE,,,738,,,,UW_Faculty.jpg,DesRpt_UW_Faculty.pdf
1275625.42110606,221673.604350314,2708,Seattle Japanese Language School,1414 S Weller St,1414 S Weller St,3320500175,748,125743,,,japaneselangschool.jpg,japanese-language-school-designation.pdf
1274950.9588723,243736.085815802,2709,El Monterey,4204 11th Avenue NE,,,658,126568,,,El_Monterey.jpg,DesRptElMonterey.pdf
1275859.00954963,244793.278911397,2710,University National Bank,4502 University Way NE,,,698,126569,,,University_National_Bank.jpg,DesRpt_University_Bank.pdf
1269963.75952914,232166.806460977,2711,Center for Wooden Boats,1010 Valley Street,,,679,126575,,,CWB.jpg,DesRpt_Center_Wooden_Boats.pdf
1275873.42257856,225785.860561475,2712,Considine House/Cohen House/Immaculate Conception Convent,802 16th Avenue,,,639,126510,,,ConsidineConventCohen.jpg,DesRptImmacConceptConsidine.pdf
1276313.61592388,229212.710991219,2713,La Quinta,1710 E. Denny Way,,,668,126567,,,LaQuinta.jpg,DesRptLaQuinta.pdf
1275218.78838913,231020.338281482,2714,Cayton Revels House,518 14th Ave E,,,648,126603,,,Cayton_Revels.jpg,DesRptCayton-Revels.pdf
1267886.66657047,238715.29008314,2715,Wagner Floating Home,"2770 Westlake Avenue N, Unit 10",,,678,126576,,,Wagner_Floating.jpg,DesRpt_Wagner_Floating_Home.pdf
1272078.22117947,251721.210265473,2716,Evans Pool,7201-7359 E. Green Lake Drive N ,,,718,,,,Evans_pool.jpg,DesRpt_Evans_pool.pdf
1271826.68001589,226447.142047316,2717,Cassel Crag Apartments,1218 Terry Avenue,,,709,,,,Cassel_Crag.jpg,DesRpt_Cassel_Crag.pdf
1272422.89568697,234149.921917304,2718,Steinhart Theriault Anderson Office Building,1264 Eastlake Avenue E,,,749,,,,STA_1265_Eastlake.png,
1273012.91222347,196746.037079558,2719,Former Fire Station 26 / South Park Neighborhood Center,8201 10th Avenue S,,,759,,,,,DesRpt_FS26.pdf
1275065.75030939,231545.713214979,2720,Caroline Horton House,627 14th Avenue E,,,760,,,,Caroline_Horton_House.png,"DesRpt_Caroline_Horton_House.pdf
"
1271135.83559705,225825.459891722,2721,Freeway Park,700 Seneca Street,,,769,,,,Freeway_Park.jpg,DesRpt_FreewayPark.pdf
1260534.79183856,210674.142097309,2722,Cettolin House,4022 32nd Avenue SW,,,779,,,,,
1270123.57712288,225105.738562137,2723,Continental Hotel,315 Seneca Street,,,780,,,,Continental.png,DesRpt_Continental.pdf
1273179.5962733,233162.863195896,2724,Bullitt House,1125 Harvard Avenue East,,,789,,,,,
1266075.71874881,231282.182574064,2725,Seattle Center Playhouse and Exhibition Hall,201 & 301 Mercer Street,,,799,,,,,
1266709.90973763,230854.088942066,2726,Memorial Stadium,401 5th Avenue N,,,809,,,,,
